School,Address,Latitude,Longitude,4-Year Graduation Rate - All Students,6-Year Graduation Rate - All Students,Average Regents Score - Algebra I,Average Regents Score - Algebra II,Average Regents Score - Chemistry,Average Regents Score - Earth Science,Average Regents Score - English,Average Regents Score - Geometry,Average Regents Score - Global History,Average Regents Score - Languages Other Than English,Average Regents Score - Living Environment,Average Regents Score - Physics,Average Regents Score - US History,Average score of students in the current cohort who took the SAT Math exam,Average score of students in the current cohort who took the SAT Reading and Writing exam,Average Student Attendance,College and Career Preparatory Course Index,Postsecondary Enrollment Rate - 18 Months,Postsecondary Enrollment Rate - 6 Months
47 The American Sign Language and English Secondary School,"223 East 23rd Street, Manhattan NY 10010",40.738374,-73.981329,0.984,0.935,61.5,51.5,0,66.2,72.1,0,68.1,59.3,61.5,39.3,69.3,397,434,0.815,0.968,0.806,0.785
A. Philip Randolph Campus High School,"443 West 135th Street, Manhattan NY 10031",40.8185,-73.949929,0.775,0.878,67.4,61.6,60.7,0,69.8,59.1,71,81.8,63.8,42.8,65.4,425,437,0.824,0.493,0.644,0.581
Abraham Lincoln High School,"2800 Ocean Parkway, Brooklyn NY 11235",40.582627,-73.968733,0.89,0.905,62.8,70.6,56.1,55.7,72.6,54.3,66.8,74.7,61.5,0,67,413,427,0.802,0.606,0.683,0.651
Academy for Careers in Television and Film,"1-50 51st Avenue, Long Island City NY 11101",40.742964,-73.959183,0.984,1,65.6,60.7,54.9,67.1,68.8,54.4,75.9,0,68.4,0,66.4,453,483,0.893,0.953,0.869,0.794
Academy for College Preparation and Career Exploration: A College Board School,"911 Flatbush Avenue, Brooklyn NY 11226",40.649602,-73.957173,0.863,0.883,65.5,0,0,0,66.2,47.9,58.2,0,58.9,0,0,396,415,0.905,0.353,0.5,0.324
Academy for Conservation and the Environment,"6565 Flatlands Avenue, Brooklyn NY 11236",40.634451,-73.916927,0.955,0.97,58.8,47.3,51.3,61.2,69.2,50.7,63.6,67.6,58.7,0,60.5,394,412,0.929,0.818,0.652,0.571
Academy for Excellence in Leadership,"400 Irving Avenue, Brooklyn NY 11237",40.696457,-73.911751,0.93,0.844,62,48.1,0,49.3,52.5,0,59.9,0,60.1,0,54,377,389,0.893,0.303,0.328,0.233
Academy for Health Careers,"150 Albany Avenue, Brooklyn NY 11213",40.675905,-73.939282,0.833,0.909,53.5,38.9,41.8,0,60.3,44.5,63.2,0,58.2,0,67,401,424,0.811,0.424,0.564,0.731
Academy for Language and Technology,"1700 Macombs Road, Bronx NY 10453",40.849416,-73.915217,0.975,1,71.5,0,0,0,69.2,48,73.2,87.9,71,0,71.1,379,385,0.893,0.981,0.615,0.57
Academy for Scholarship and Entrepreneurship: A College Board School,"921 East 228th Street, Bronx NY 10466",40.888242,-73.852714,0.812,0.807,56.4,49.7,0,52.9,66.7,51.9,62.5,0,63.3,0,57.7,386,420,0.902,0.803,0.477,0.559
Academy for Software Engineering,"40 Irving Place, Manhattan NY 10003",40.735361,-73.987064,0.929,0.945,62.3,0,0,62.9,71.8,49.6,67.9,0,62.1,0,60.1,469,478,0.816,0.414,0.734,0.776
Academy for Young Writers,"1065 Elton Street, Brooklyn NY 11208",40.657266,-73.874064,0.949,0.935,57.7,0,38.4,64.5,67,48.5,52.1,0,56.2,0,62.1,402,443,0.791,0.911,0.597,0.553
Academy of American Studies,"28-04 41st Avenue, Long Island City NY 11101",40.751144,-73.937564,0.96,0.993,67.4,63,64.5,0,79.7,63.2,75.4,75.9,75.1,53.4,78.2,515,531,0.911,0.969,0.908,0.795
Academy of Finance and Enterprise,"30-20 Thomson Avenue, Long Island City NY 11101",40.744175,-73.937004,0.908,0.984,70.9,72.5,78,72.8,79.2,64,77,88.4,71.1,87.6,80.5,501,500,0.884,0.899,0.879,0.877
Academy of Hospitality and Tourism,"911 Flatbush Avenue, Brooklyn NY 11226",40.649602,-73.957173,0.863,0.869,61.3,48,38.6,62.9,73.8,56,63.6,0,60.4,0,58,388,402,0.832,0.625,0.721,0.868
Academy of Innovative Technology,"999 Jamaica Avenue, Brooklyn NY 11208",40.693002,-73.869305,0.941,0.925,63.6,58.5,54.4,64.2,68.4,57.1,73.6,0,63.2,0,66.9,425,437,0.844,0.569,0.682,0.631
Academy of Medical Technology: A College Board School,"8-21 Bay 25th Street, Far Rockaway NY 11691",40.601537,-73.763995,0.837,0.784,58.9,56,51.4,53.6,69.1,43.8,63.9,0,61.2,0,58.5,390,396,0.8,0.856,0.515,0.58
Achievement First Brownsville Charter School,"2021 Bergen Street, Brooklyn, NY 11233",40.674137,-73.913415,0.81,0.831,62.4,49.6,0,0,65.6,49,65.9,0,64.8,0,69.2,0,0,0.877,0.714,0.571,0.762
Achievement First Crown Heights Charter School,"790 E New York Ave, Brooklyn, NY 11203",40.661786,-73.935746,0.941,0.981,66.3,52.2,46.4,0,65,0,61.5,0,67.4,35.2,0,0,0,0.918,0.877,0.875,0.823
Achievement First East New York Charter School,"35 Starr St, Brooklyn, NY 11221",40.701066,-73.927123,0.912,0.977,66.8,0,0,0,66.5,54.9,65.5,0,69.2,0,65.3,0,0,0.915,0.916,0.841,0.875
AECI II: NYC Charter High School for Computer Engineering and Innovation,"116 E 169th St, Bronx, NY 10452",40.808703,-73.921888,0.936,0,57.6,46.2,55.6,68.5,66.6,52.5,66.2,0,58.1,0,63.8,0,0,0.856,0.567,0,0
Alfred E. Smith Career and Technical Education High School,"333 East 151st Street, Bronx NY 10451",40.818645,-73.919949,0.907,0.97,55.2,46.6,41.2,45,72.3,42.7,68.1,0,59.4,0,70.4,405,424,0.814,0.837,0.554,0.355
All City Leadership Secondary School,"321 Palmetto Street, Brooklyn NY 11237",40.697378,-73.913172,1,0.984,72.5,60.5,59.9,74.8,77.9,72.1,83.5,84,72.7,0,76.3,555,553,0.923,0.833,0.797,0.719
American Dream Charter School,"510 E 141st St, Bronx, NY 10454",40.809199,-73.917131,0.973,0.933,57.3,47.7,49.4,54.5,67,50.1,69.2,75.3,63,0,66.4,0,0,0.901,0.811,0.72,0.753
Antonia Pantoja Preparatory Academy: A College Board School,"1980 Lafayette Avenue, Bronx NY 10473",40.821218,-73.85593,0.81,0.915,54.7,0,0,51.9,64.6,58.1,60.5,0,55.2,0,64,383,420,0.813,0.81,0.593,0.388
"Archimedes Academy for Math, Science and Technology Applications","456 White Plains Road, Bronx, NY 10473",40.815043,-73.85607,0.707,0.815,57.4,0,0,51.9,63.2,54.5,62.2,0,60,0,62.9,411,432,0.81,0.6,0.444,0.435
Art and Design High School,"231-249 East 56th Street, Manhattan NY 10019",40.759248,-73.967204,0.971,0.951,74.5,62,61.1,73.9,81.8,65,77.5,0,78.4,53.4,76.3,482,508,0.887,0.96,0.753,0.743
Astor Collegiate Academy,"925 Astor Avenue, Bronx NY 10469",40.860443,-73.860729,0.881,0.825,60.5,61.2,58.8,0,68.6,52.9,64.5,0,58.8,0,68.2,421,439,0.88,0.891,0.64,0.643
A-Tech High School,"50 Bedford Ave, Brooklyn, NY 11222",40.721448,-73.953328,0.817,0.855,62.1,52,0,0,70.5,55.7,69.3,87.4,67,32,63.6,413,426,0.882,0.508,0.408,0.247
August Martin High School,"156-10 Baisley Boulevard, Jamaica NY 11434",40.673949,-73.782684,0.908,0.975,64.9,49.6,45.4,0,71.3,46.1,65.7,84,58.6,28,64.3,400,415,0.855,0.924,0.57,0.449
Aviation Career & Technical Education High School,"45-30 36th Street, Long Island City NY 11101",40.743309,-73.929577,0.976,0.991,76,78,75.2,79.6,83.2,76.3,81.8,0,74,76.3,81.4,556,526,0.944,0.94,0.939,0.938
Baccalaureate School for Global Education,"34-12 36th Avenue, Astoria NY 11106",40.754975,-73.926977,0.977,1,67.9,83,69.3,0,85.1,75.6,80.3,85.3,71.9,76.9,82.2,653,645,0.939,0.932,0.897,0.858
Bard High School Early College,"525 East Houston Street, Manhattan NY 10002",40.718276,-73.976093,0.986,0.988,67.6,0,64.1,0,83.3,0,75.1,0,0,0,75.6,592,600,0.922,1,0.963,0.957
Bard High School Early College Queens,"30-20 Thomson Avenue, Long Island City NY 11101",40.744175,-73.937004,0.986,1,74.2,0,0,0,80.3,0,77.3,0,77,0,77.8,637,639,0.938,0.993,0.975,0.936
Baruch College Campus High School,"55 East 25th Street, Manhattan NY 10010",40.741888,-73.985723,0.992,1,73.5,70.6,75.9,79.5,88.1,71.9,81.4,86.4,0,0,78.3,612,611,0.926,0.917,1,0.965
Bayside High School,"32-24 Corporal Kennedy Street, Bayside NY 11361",40.771398,-73.781041,0.99,0.994,65.9,67.7,62.5,0,76.9,70.7,73.4,79.6,70.6,67.4,72.9,519,512,0.922,0.995,0.853,0.803
Beacon High School,"522 West 44th Street, New York NY 10036",40.760858,-73.996262,0.98,0.992,0,0,0,0,87.7,0,0,0,0,0,0,602,624,0.931,0.725,0.955,0.831
Bedford Academy High School,"1119 Bedford Avenue, Brooklyn NY 11216",40.685486,-73.953692,1,1,74,70.9,73.1,82.1,84.7,78.5,77,78.6,76.7,0,77,481,487,0.915,0.9,0.771,0.8
Belmont Preparatory High School,"500 East Fordham Road, Bronx NY 10458",40.859466,-73.888625,0.977,0.791,53.1,46.8,0,65.1,71.6,49.2,73.4,85.9,66.5,0,69.7,455,466,0.908,0.621,0.516,0.798
Benjamin Banneker Academy,"71-77 Clinton Avenue, Brooklyn NY 11205",40.695389,-73.968759,1,0.958,72.9,59.5,53.8,63.4,79.7,55.6,70.3,78.1,67.6,50.7,69.3,463,462,0.84,0.982,0.723,0.716
Benjamin Franklin High School for Finance & Information Technology,"207- 01 116th Avenue, Cambria Heights NY 11411",40.698786,-73.74633,0.929,0.933,69,62,68.3,64.6,67.9,56,67.9,0,67.7,0,64.6,421,437,0.845,0.591,0.629,0.608
Benjamin N. Cardozo High School,"57-00 223rd Street, Bayside NY 11364",40.752343,-73.757271,0.935,0.954,66,62.1,67.5,0,74.5,64.4,77.2,82.5,68,59.2,74.3,552,536,0.887,0.802,0.811,0.765
Boys and Girls High School,"1700 Fulton Street, Brooklyn NY 11213",40.678478,-73.931604,0.731,0.818,53.7,41.3,41.9,0,65.1,44.4,62.8,0,53.9,0,0,393,410,0.813,0.5,0.364,0.341
Bronx Academy for Software Engineering (BASE),"2474 Crotona Avenue, Bronx NY 10458",40.855392,-73.882487,0.917,0.889,62.6,45.5,48.1,48,71.3,46.7,66.9,0,66.8,0,67.5,446,468,0.798,0.542,0.58,0.682
Bronx Academy of Health Careers,"800 East Gun Hill Road, Bronx NY 10467",40.875172,-73.861649,0.827,0.929,53.2,45.1,59.8,56.7,63.7,42.4,63.1,81.7,59,0,59,375,381,0.87,0.4,0.702,0.538
Bronx Aerospace High School,"800 East Gun Hill Road, Bronx NY 10467",40.875172,-73.861649,0.889,0.797,52.3,0,0,50.4,63.9,46.4,61.8,0,56.4,0,0,395,391,0.902,0.556,0.468,0.556
Bronx Bridges High School,"1980 Lafayette Avenue, Bronx NY 10473",40.821218,-73.85593,0.817,0.939,67.9,0,0,62.8,54.1,59.7,70.8,78.7,63.7,0,60.9,400,383,0.87,0.491,0.556,0.353
Bronx Career and College Preparatory High School,"800 Home Street, Bronx NY 10456",40.826933,-73.900593,0.766,0.8,51.3,41.1,0,60.1,56.7,44.4,58.1,82.9,50.6,0,59.3,376,399,0.809,0.317,0.277,0.262
Bronx Center for Science and Mathematics,"1363 Fulton Avenue, Bronx NY 10456",40.833884,-73.902794,0.957,0.973,63.4,64.6,70.1,69.6,77.6,66.7,71.1,84.2,66,58.3,72.1,523,512,0.866,0.777,0.818,0.779
Bronx Collaborative High School,"100 West Mosholu Parkway South, Bronx NY 10468",40.879958,-73.889011,0.774,0.903,0,0,0,0,63.9,0,0,0,0,0,0,388,420,0.683,0.255,0.576,0.5
Bronx Collegiate Academy,"240 East 172nd Street, Bronx NY 10457",40.839307,-73.911366,0.87,0.942,65.5,70.1,60,71.4,63.1,60,72.9,93.5,64.5,0,64.7,403,409,0.877,0.825,0.605,0.527
Bronx Compass High School,"1980 Lafayette Avenue, Bronx NY 10473",40.821218,-73.85593,0.767,0.873,61.2,55.5,0,51.7,69.4,0,58.2,0,57.7,0,63.8,393,386,0.812,0.292,0.431,0.278
Bronx Design and Construction Academy,"333 East 151st Street, Bronx NY 10451",40.818645,-73.919949,0.705,0.709,60.7,46.2,0,0,68.5,0,56.4,0,57.4,0,61.1,351,357,0.859,0.459,0.279,0.324
Bronx Early College Academy for Teaching & Learning,"250 East 164th Street, Bronx NY 10456",40.828009,-73.917705,0.952,0.985,69.5,0,68.6,59.1,67.9,0,73.7,85.8,70,0,69.2,428,442,0.887,0.795,0.773,0.732
Bronx Engineering and Technology Academy,"99 Terrace View Avenue, Bronx NY 10463",40.877379,-73.912686,0.907,0.793,59.4,47.2,0,55.8,65.9,43.6,57.9,0,59.8,0,61.4,418,429,0.817,0.355,0.476,0.56
Bronx Envision Academy,"1619 Boston Road, Bronx NY 10460",40.836245,-73.890591,0.734,0.911,57,54.3,46,52.3,70,49.6,61,84.1,52,0,66.1,394,409,0.833,0.269,0.65,0.453
Bronx Health Sciences High School,"750 Baychester Avenue, Bronx NY 10475",40.874035,-73.831669,1,0.983,55.8,48.7,57.1,0,79.9,0,65.5,0,57.8,0,0,437,466,0.84,0.917,0.933,0.891
Bronx High School for Law and Community Service,"500 East Fordham Road, Bronx NY 10458",40.859466,-73.888625,0.949,0.976,60.3,0,0,54.9,63,55.9,67.8,86.6,63.4,0,63,444,462,0.88,0.361,0.738,0.691
Bronx High School for Medical Science,"240 East 172nd Street, Bronx NY 10457",40.839307,-73.911366,0.896,0.929,59.1,55.4,50.4,59.8,67.4,45.8,66.8,77.8,66.9,0,65.8,447,472,0.901,0.961,0.786,0.825
Bronx High School for the Visual Arts,"2040 Antin Place, Bronx NY 10462",40.851577,-73.864438,0.848,0.854,64.8,0,0,58,64.9,57.9,66,69.9,61.8,37.5,65.9,423,445,0.838,0.413,0.488,0.377
Bronx High School for Writing and Communication Arts,"800 East Gun Hill Road, Bronx NY 10467",40.875172,-73.861649,0.76,0.775,57.9,0,0,0,71.6,0,66.6,90.2,54.8,0,68.4,380,405,0.789,0.5,0.483,0.432
Bronx High School of Business,"240 East 172nd Street, Bronx NY 10457",40.839307,-73.911366,0.781,0.825,55.1,43,48.9,0,48.2,41.6,53.9,80.3,49.8,0,66.4,392,391,0.824,0.322,0.492,0.5
Bronx International High School,"1110 Boston Road, Bronx NY 10456",40.827455,-73.90392,0.915,0.918,0,0,0,0,50.2,0,0,0,0,0,0,384,395,0.785,0.659,0.531,0.5
Bronx Lab School,"800 East Gun Hill Road, Bronx NY 10467",40.875172,-73.861649,0.884,0.83,0,0,0,0,63.4,0,0,0,0,0,0,403,401,0.778,0.191,0.557,0.41
Bronx Latin,"800 Home Street, Bronx NY 10456",40.826933,-73.900593,0.968,0.933,63.1,46.3,52,52.1,67.4,51.5,63,75.2,63.3,0,68.5,456,478,0.866,1,0.72,0.757
Bronx Leadership Academy High School,"1710 Webster Avenue, Bronx NY 10457",40.84325,-73.902969,0.926,0.806,51.9,0,36.5,0,51.1,45.7,58.9,0,48.4,0,67.9,365,398,0.83,0.947,0.411,0.489
Bronx Leadership Academy II High School,"730 Concourse Village West, Bronx NY 10451",40.821828,-73.922366,0.806,0.874,60.4,48.5,44.4,44.2,60,49.6,63.7,73.2,53.2,0,66.8,415,435,0.797,0.67,0.622,0.562
Bronx Preparatory Charter School,"3872 3rd Ave, Bronx, NY 10457",40.8391,-73.900552,0.809,0.897,60.1,60.5,62.3,0,73.7,59.8,69.8,77.2,68.7,51.3,77.8,0,0,0.895,0.734,0.782,0.756
Bronx River High School,"3000 East Tremont Avenue, Bronx NY 10461",40.839775,-73.839583,1,0.867,67.1,68.1,48.3,49,71.4,64,68.6,87.3,59.1,0,70.4,412,440,0.875,0.4,0.551,0.602
"Bronx School for Law, Government and Justice","244 East 163rd Street, Bronx NY 10451",40.827461,-73.919024,0.85,0.896,62.9,57.9,0,0,61.2,48.5,69,88.6,60.4,30.2,69.2,411,431,0.865,0.663,0.626,0.699
Bronx School of Law and Finance,"99 Terrace View Avenue, Bronx NY 10463",40.877379,-73.912686,0.879,0.84,59.5,45.4,45.9,0,66.1,47.9,62.8,77.3,58.2,0,68.6,398,413,0.829,0.758,0.54,0.459
Bronx Studio School for Writers and Artists,"928 Simpson Street, Bronx NY 10459",40.820388,-73.892961,0.879,0.915,61.5,46.5,43.2,45.2,70.5,44,62,90.3,62.7,0,64.2,439,420,0.83,0.485,0.622,0.667
Bronx Theatre High School,"99 Terrace View Avenue, Bronx NY 10463",40.877379,-73.912686,0.986,0.882,64.4,42.1,0,40,66,0,66.2,0,49,0,60.5,392,392,0.825,0.423,0.539,0.479
Bronxdale High School,"925 Astor Avenue, Bronx NY 10469",40.860443,-73.860729,0.905,0.879,60.2,44.1,41.8,57.7,65,43.7,61.8,84.7,58.3,0,64.4,427,443,0.872,0.366,0.54,0.594
Brooklyn Academy of Science and the Environment,"883 Classon Avenue, Brooklyn NY 11225",40.669805,-73.960689,0.934,0.859,60.8,57.7,0,75.4,69.1,54.6,67.3,45.6,57.2,0,66.1,424,462,0.874,0.395,0.554,0.481
Brooklyn Ascend Charter School,"205 Rockaway Pkwy-2Nd Fl, Brooklyn, NY 11212",40.661905,-73.920871,0.739,0.841,65.6,53.6,0,0,58.1,52.7,57,0,64.9,0,68.5,0,0,0.917,0.108,0.648,0.525
Brooklyn Collaborative Studies,"610 Henry Street, Brooklyn NY 11231",40.679462,-74.002022,0.908,0.978,0,0,0,0,72.6,0,0,0,0,0,0,411,456,0.804,0.987,0.699,0.608
Brooklyn College Academy,"350 Coney Island Avenue, Brooklyn NY 11218",40.649055,-73.972312,0.974,0.974,68.5,65.4,0,73.4,82.1,64.4,75,76.4,75,0,77.3,524,529,0.95,0.957,0.903,0.851
Brooklyn Collegiate: A College Board School,"2021 Bergen Street, Brooklyn NY 11233",40.674456,-73.912685,0.862,0.889,62.5,42,0,41.9,70.7,45.3,56.7,0,56,0,58.3,387,406,0.839,0.77,0.514,0.553
Brooklyn Community Arts & Media High School (BCAM),"300 Willoughby Avenue, Brooklyn NY 11205",40.692015,-73.95818,0.857,0.869,61,45.7,42.4,0,60.5,51,64.6,0,56.6,0,62.8,397,411,0.808,0.309,0.569,0.5
Brooklyn Community High School for Excellence and Equity,"6565 Flatlands Avenue, Brooklyn NY 11236",40.634451,-73.916927,0.881,0.84,62.1,65.7,0,55.5,63.2,47.8,60.9,0,60.5,0,62,418,419,0.816,0.714,0.38,0.349
Brooklyn Emerging Leaders Academy Charter School,"125 Stuyvesant Ave Floor 2, Brooklyn, NY 11221",40.691577,-73.933762,0.952,0.962,54.9,52.4,45.5,0,62.7,0,0,0,58.2,0,63.2,0,0,0.871,0.672,0.846,0.527
Brooklyn High School for Law and Technology,"1396 Broadway, Brooklyn NY 11221",40.688399,-73.920603,0.918,0.927,51.4,0,49.6,63.5,65.4,51.1,65,79.2,53.3,0,62.1,420,441,0.844,0.573,0.569,0.563
Brooklyn High School of the Arts,"345 Dean Street, Brooklyn NY 11217",40.683951,-73.980266,0.953,0.977,65.8,56.6,57.6,70.2,75.3,54.8,74.2,81.7,67.7,0,71.8,442,471,0.884,0.712,0.727,0.654
Brooklyn Institute for Liberal Arts,"600 Kingston Avenue, Brooklyn NY 11203",40.658671,-73.943839,0.881,0.926,63.5,58.8,0,0,75,67.4,67.2,0,60.5,0,0,437,461,0.88,0.847,0.705,0.645
Brooklyn International High School,"49 Flatbush Avenue Extension, Brooklyn NY 11201",40.69733,-73.984528,0.803,0.887,0,0,0,0,51.1,0,0,0,0,0,0,421,423,0.875,0.754,0.557,0.515
Brooklyn Lab School,"999 Jamaica Avenue, Brooklyn NY 11208",40.693002,-73.869305,0.99,0.986,59.2,58,0,55.2,55.9,51.9,59.4,86.2,61.6,0,58,407,418,0.871,0.526,0.681,0.621
Brooklyn Laboratory Charter School,"77 Sands Street, Brooklyn, NY 11226",40.700214,-73.987458,0.743,0.867,57.8,0,0,53.9,57.6,45.9,61,0,55,0,0,0,0,0.907,0.274,0.544,0.485
"Brooklyn Latin School, The","223 Graham Avenue, Brooklyn NY 11206",40.709765,-73.944463,0.995,0.988,84.6,82.3,80.5,0,89.4,81.9,85.2,78.6,85.7,76.9,79.9,669,664,0.932,0.985,0.951,0.855
Brooklyn Preparatory High School,"257 North 6th Street, Brooklyn NY 11211",40.715561,-73.954815,0.946,0.963,64.9,0,0,0,68.5,0,62.8,0,72.2,0,65.6,422,451,0.936,0.446,0.648,0.713
Brooklyn Prospect Charter School - CSD 15.2,"3002 Fort Hamilton Pkwy, Brooklyn, NY 11218",40.648379,-73.978683,0.932,0,69.8,0,0,0,80.4,0,72.1,77.4,75.9,0,73.8,0,0,0.983,0.946,0,0.767
Brooklyn School for Music & Theatre,"882 Classon Avenue, Brooklyn NY 11225",40.669805,-73.960689,0.783,0.824,60.6,43.8,47.3,0,65.1,45,65.1,0,57.3,0,65.6,369,408,0.852,0.7,0.441,0.512
Brooklyn Studio Secondary School,"8310 21st Avenue, Brooklyn NY 11214",40.60498,-73.995084,0.88,0.912,65.5,57.5,57.5,65.7,70.5,54,70.7,80.3,66.6,0,73,456,469,0.889,0.545,0.698,0.695
Brooklyn Technical High School,"29 Ft Greene Place, Brooklyn NY 11217",40.688896,-73.976435,0.973,0.989,86.5,86.3,84,0,91.8,85.6,87.5,88.5,89.6,82.2,86.3,706,675,0.94,0.995,0.909,0.842
Brooklyn Theatre Arts High School,"6565 Flatlands Avenue, Brooklyn NY 11236",40.634451,-73.916927,0.8,0.838,56.2,0,0,0,63.3,46.7,62.1,0,60.4,0,64.3,379,389,0.81,0.21,0.513,0.612
Broome Street Academy Charter High School,"121 6th Ave, New York, NY 10013",40.724151,-74.004656,0.682,0.69,51.9,46.1,0,51.4,65.6,45.2,58,0,56.1,0,62.7,0,0,0.748,0.302,0.276,0.482
Bushwick Leaders High School for Academic Excellence,"797 Bushwick Avenue, Brooklyn NY 11221",40.695436,-73.927349,0.892,0.9,56.1,37,38.4,44.6,50.1,37.1,51.7,84.5,49.3,0,58.4,391,414,0.789,0.477,0.543,0.544
Business Of Sports School,"439 West 49th Street, Manhattan NY 10019",40.763655,-73.990318,0.919,0.878,58.7,42.1,0,50.8,70.7,44.7,55.9,78,51.2,0,60.8,407,418,0.804,0.907,0.551,0.62
Business Technology Early College High School,"230-17 Hillside Avenue, Queens Village NY 11427",40.733888,-73.739726,0.992,0.992,60.9,56.9,46.5,64.4,74,54.5,70.3,76,67.7,33.7,69.5,449,468,0.877,0.983,0.85,0.817
Cambria Heights Academy,"188-04 91st Avenue, Hollis NY 11423",40.711857,-73.771196,0.953,0.892,59.6,44.6,47.3,56.7,68.4,46.9,59.6,0,62.7,0,63.8,412,427,0.873,0.365,0.699,0.659
Capital Preparatory Harlem Charter School,"2041 Madison Ave, New York, NY 10035",40.808513,-73.938628,0.512,0.944,60.1,0,0,0,63.9,48.6,66,0,60.8,0,55,0,0,0.731,0.146,0.722,0.494
Careers in Sports High School,"730 Concourse Village West, Bronx NY 10451",40.821828,-73.922366,0.695,0.823,57.8,58.3,48.2,0,57.6,47.8,58.3,85.6,53.8,0,60.6,385,400,0.818,0.11,0.46,0.361
"Celia Cruz Bronx High School of Music, The","2780 Reservoir Avenue, Bronx NY 10468",40.869061,-73.897066,1,1,68,67.3,46.1,67.1,71.7,60.6,70.7,86.1,63.8,0,72.9,459,484,0.939,0.974,0.811,0.778
Central Park East High School,"1573 Madison Avenue, Manhattan NY 10029",40.793649,-73.948488,1,0.992,78.2,71,69.6,75.5,81.8,60.1,82.3,87.9,70.6,56,79,530,533,0.963,0.941,0.938,0.848
Channel View School for Research,"100-00 Beach Channel Drive, Rockaway Park NY 11694",40.586012,-73.825317,0.971,0.993,65.1,44.1,52,53.3,76.4,53,66.4,77.9,58.8,0,64.8,435,459,0.865,0.983,0.793,0.697
Charter High School for Law and Social Justice,"1960 University Ave, Bronx, NY 10453",40.85411,-73.912061,0.838,0.792,63.6,54.5,52.7,63.7,65.1,48.7,64.8,0,60.3,0,65.8,0,0,0.789,0.245,0.632,0.482
Chelsea Career and Technical Education High School,"131 Avenue Of The Americas, Manhattan NY 10013",40.72463,-74.005058,0.971,0.935,58.9,50.9,48.7,79,73.2,52.4,72.5,87.2,68.2,0,62.8,430,440,0.85,0.672,0.694,0.703
City College Academy of the Arts,"4600 Broadway, Manhattan NY 10040",40.860951,-73.930082,0.952,0.989,63,56.4,0,57.3,70,57.1,69.5,0,70.7,0,0,489,476,0.903,0.917,0.921,0.835
"City Polytechnic High School of Engineering, Architecture, and Technology","105 Tech Place, Brooklyn NY 11201",40.695444,-73.986105,0.944,0.963,61.1,53.4,49.2,54.7,66.7,51.9,65.5,0,59.6,0,69.3,461,473,0.879,0.678,0.688,0.768
Civic Leadership Academy,"45-10 94th Street, Elmhurst NY 11373",40.743228,-73.871505,0.92,0.965,68.6,57,70.8,58,73.4,56.6,67.2,90.8,69,0,69.2,460,459,0.884,0.89,0.762,0.744
Clara Barton High School,"901 Classon Avenue, Brooklyn NY 11225",40.669805,-73.960689,0.849,0.831,58.6,51.9,48,64.3,65,51.9,63.4,86.1,54.8,0,64.5,413,428,0.911,0.82,0.579,0.623
Claremont International HS,"240 East 172nd Street, Bronx NY 10457",40.839307,-73.911366,0.918,0.904,61.4,0,0,0,51,0,0,0,0,0,0,374,392,0.841,0.589,0.614,0.51
Cobble Hill School of American Studies,"347 Baltic Street, Brooklyn NY 11201",40.684869,-73.990884,0.853,0.833,57.6,43.5,44.5,52.4,62.8,46,62.1,0,50.6,0,60.5,403,421,0.832,0.695,0.492,0.713
Collegiate Institute for Math and Science,"925 Astor Avenue, Bronx NY 10469",40.860443,-73.860729,0.908,0.909,67.5,55.2,57.2,64.4,76.8,59.8,70.5,79.4,65.5,0,73,465,460,0.91,0.849,0.714,0.711
Columbia Secondary School,"425 West 123rd Street, Manhattan NY 10027",40.810793,-73.955722,1,0.989,73.8,85.2,73.6,0,85.8,78.3,0,87.4,88.1,0,79.6,600,584,0.947,0.925,0.915,0.918
Community Health Academy of the Heights,"504 West 158th Street, Manhattan NY 10032",40.833695,-73.942074,0.886,0.913,59.2,52.2,69.2,0,77.3,48.5,68.1,84.6,62.7,0,63.6,440,440,0.862,0.852,0.615,0.553
Community School for Social Justice,"350 Gerard Avenue, Bronx NY 10451",40.815712,-73.92996,0.776,0.709,0,0,0,0,64.2,0,0,0,0,0,0,365,393,0.75,0.239,0.354,0.478
Comprehensive Model School Project M.S. 327,"1501 Jerome Avenue, Bronx NY 10452",40.842503,-73.916084,0.875,0.907,68.4,66.3,64.9,66.6,69.2,62.9,71.9,92.4,0,0,67.4,466,438,0.87,0.583,0.654,0.71
Coney Island Preparatory Public Charter School,"294 Avenue T, Brooklyn, NY 11223",40.599163,-73.974491,0.882,0.962,66.1,62.9,59.7,56.9,75.5,55.3,68.6,0,67.9,55.8,72.8,0,0,0.836,0.699,0.821,0.688
Crotona International High School,"2474 Crotona Avenue, Bronx NY 10458",40.855392,-73.882487,0.947,0.934,53.9,0,0,0,31.4,0,0,0,0,0,0,350,370,0.854,0.726,0.429,0.473
CSI High School for International Studies,"100 Essex Drive, Staten Island NY 10314",40.581958,-74.159343,0.976,1,73,70.4,73.1,78.7,83.5,66.3,81.7,76.2,79,77.5,80.2,555,549,0.931,0.776,0.992,0.932
Cultural Academy for the Arts and Sciences,"5800 Tilden Avenue, Brooklyn NY 11203",40.647728,-73.922212,0.872,0.887,56.6,53.3,0,57.9,66.1,48.1,66.5,0,59.6,50.9,60.1,387,415,0.865,0.821,0.581,0.537
Curtis High School,"105 Hamilton Avenue, Staten Island NY 10301",40.645436,-74.082149,0.828,0.8,57.3,57.9,63.3,59.7,76.3,56.5,70.3,77.6,61.4,56,71.4,468,476,0.857,0.649,0.646,0.703
Cyberarts Studio Academy,"237 7th Avenue, Brooklyn NY 11215",40.669255,-73.97858,0.781,0.7,61.5,0,0,55.7,56.3,56.6,59.1,88.9,57.2,0,63.3,420,412,0.786,0.719,0.42,0.535
Cypress Hills Collegiate Preparatory School,"999 Jamaica Avenue, Brooklyn NY 11208",40.693002,-73.869305,0.989,0.935,61.4,47,47.6,51,60.8,44.9,61.2,85.2,56.9,0,62,419,424,0.851,0.489,0.452,0.619
Democracy Preparatory Charter School,"2230 5 Avenue, Manhattan, NY 10037",40.813144,-73.93736,0.783,0.963,55.8,51.6,51.9,0,73.5,50.9,71.9,62.7,65.3,27.5,62.8,0,0,0.864,0.76,0.738,0.725
Democracy Preparatory Endurance Charter School,"1000 Westchester Avenue, Bronx, NY 10459",40.823875,-73.893451,0.778,0.859,61.2,63.3,58.7,0,73.6,57.5,69.8,68.1,64.2,51.9,74.6,0,0,0.889,0.855,0.667,0.645
Democracy Preparatory Harlem Charter School,"207 West 133 Street, Manhattan, NY 10030",40.814219,-73.945131,0.779,0.951,58.7,67.7,57.9,0,65.8,62.9,63.6,71.8,64.3,57,77.5,0,0,0.863,0.658,0.716,0.633
DeWitt Clinton High School,"100 West Mosholu Parkway South, Bronx NY 10468",40.879958,-73.889011,0.966,0.922,66.5,64.3,55,62.8,69.7,52.9,67.4,87,64.2,42.7,68.3,412,430,0.897,0.937,0.675,0.616
Digital Arts and Cinema Technology High School,"284 Baltic Street, Brooklyn NY 11201",40.685006,-73.993293,0.988,0.972,73.9,56.5,54.5,72.9,79.9,59.4,77.7,0,71.4,0,75.5,443,460,0.884,0.58,0.708,0.843
Discovery High School,"2780 Reservoir Avenue, Bronx NY 10468",40.869061,-73.897066,0.963,0.9,71.2,63.6,0,68.7,71.9,66.6,69.5,85.9,73.1,0,69.7,413,405,0.893,0.944,0.573,0.624
Dr. Richard Izquierdo Health and Science Charter School,"800 Home St, Bronx, NY 10456",40.827847,-73.900548,0.936,0.917,59.9,62.1,54.5,61.6,67.7,58,71.1,80.3,67.8,0,75.4,469,468,0.849,0.725,0.615,0.7
Dr. Susan S. McKinney Secondary School of the Arts,"101 Park Avenue, Brooklyn NY 11205",40.697177,-73.976104,0.769,0.926,53.9,42.7,52.2,44.4,65.6,44.4,57.4,68.8,57.8,0,62.4,385,395,0.753,0.721,0.593,0.4
DREAM Charter School,"1991 Second Ave., New York, NY 10029",40.789083,-73.943611,0.958,0.99,70.5,0,0,55.6,63.5,0,70.9,0,62.7,0,0,0,0,0.853,0.01,0.784,0.768
DreamYard Preparatory School,"240 E 172nd St, Bronx, NY 10457",40.840434,-73.910954,0.914,0.92,55.4,54,0,54.3,69.2,46.5,60.4,91,56.3,0,67.3,426,428,0.828,0.557,0.56,0.509
Eagle Academy for Young Men,"4143 Third Avenue, Bronx NY 10457",40.845366,-73.897479,0.926,0.873,53.8,0,0,65.1,68.1,0,63.2,0,61.3,0,68,401,427,0.911,0.649,0.493,0.462
Eagle Academy for Young Men II,"1137 Herkimer Street, Brooklyn NY 11233",40.678124,-73.915106,0.953,0.975,69.8,57.1,69.6,47.2,66.5,57.5,63.3,66.8,57.8,0,72.6,392,417,0.911,0.382,0.575,0.557
Eagle Academy for Young Men III,"171-10 Linden Boulevard, Jamaica NY 11434",40.69172,-73.778924,0.974,0.942,54.6,47.6,48.3,0,56.5,46.2,63.3,64.9,50.4,0,65.2,421,439,0.942,0.859,0.623,0.564
Eagle Academy for Young Men of Harlem,"6 Edgecombe Avenue, Manhattan NY 10030",40.817228,-73.947151,0.885,0.787,56.5,0,0,37.5,66.3,45.3,62.3,0,48.2,0,0,398,424,0.782,0.788,0.511,0.471
East Bronx Academy for the Future,"1716 Southern Boulevard, Bronx NY 10460",40.836821,-73.887688,0.905,0.822,61.7,49,43.1,44.5,62.9,40.9,65.5,64.3,57.4,0,57.9,409,427,0.847,0.774,0.467,0.425
East Harlem Scholars Academy Charter School,"2050 Second Avenue, Manhattan, NY 10029",40.790277,-73.94264,0.753,0,56.5,41.6,46.8,58.8,59.4,50.9,64.6,0,60.6,42.1,64.7,0,0,0.82,0.341,0,0
East New York Family Academy,"145 Pennsylvania Avenue, Brooklyn NY 11207",40.673766,-73.895976,0.95,1,64.1,0,58.3,0,71.6,47.2,62,0,56.7,0,64.2,429,434,0.866,0.532,0.591,0.648
East Side Community School,"420 East 12th Street, Manhattan NY 10009",40.729152,-73.982472,0.978,0.975,0,0,0,0,80.8,0,0,0,0,0,0,504,524,0.938,1,0.924,0.889
East Williamsburg Scholars Academy,"850 Grand Street, Brooklyn NY 11211",40.711134,-73.938921,0.855,0.78,56.5,69.3,0,61.7,59.9,57.8,63.4,80.7,54.9,0,58.9,387,416,0.846,0.413,0.4,0.309
East-West School of International Studies,"46-21 Colden Street, Flushing NY 11355",40.74943,-73.821402,0.967,0.988,69.7,65.2,72,83.9,72.6,65.6,78.8,83.8,73.1,70.7,89.3,564,542,0.926,0.956,0.953,0.893
EBC High School for Public Service - Bushwick,"1155 Dekalb Avenue, Brooklyn NY 11221",40.694723,-73.929315,0.852,0.931,56.9,60.3,50.5,42.4,57.8,56.1,57,78,54,0,60.8,380,389,0.793,0.482,0.474,0.417
Edmund W. Gordon Brooklyn Laboratory Charter School,"77 Sands Street, Brooklyn, NY 11226",40.70021,-73.987551,0.81,0,58,0,0,58.5,62.8,46.6,55.6,0,52.7,0,0,0,0,0.918,0,0,0
Edward R. Murrow High School,"1600 Avenue L, Brooklyn NY 11230",40.619671,-73.959141,0.827,0.887,61.9,58.8,64.5,62.6,77.3,62.3,74.1,87.2,67,68.3,76.1,511,505,0.889,0.796,0.773,0.731
El Puente Academy for Peace and Justice,"250 Hooper Street, Brooklyn NY 11211",40.70554,-73.955741,0.739,0.83,0,0,0,0,74,0,0,0,0,0,0,401,408,0.737,0.696,0.404,0.333
Eleanor Roosevelt High School,"411 East 76th Street, Manhattan NY 10021",40.770288,-73.953276,0.993,1,78.9,77.7,69.4,0,90.7,77.5,82.4,86.7,82.1,75.6,85.4,672,665,0.943,1,0.91,0.955
"EMBER Charter School for Mindful Education, Innovation and Transformation","500 Macon St, Brooklyn, NY 11233",40.683359,-73.929869,0.8,0,53.9,43.7,43.8,0,74.3,45.5,74.5,0,51.1,0,0,0,0,0.798,0.45,0,0
Energy Tech High School,"36-41 28th Street, Astoria NY 11106",40.756471,-73.932628,0.971,0.973,64.4,53.9,60.3,57.7,72.3,63.4,72.7,90.7,67.4,51.1,70.8,482,481,0.898,0.828,0.882,0.782
Epic High School - North,"94-25 117th Street, South Richmond Hill NY 11419",40.693013,-73.829409,0.956,0.928,65.5,47.6,53,54.3,71,47.5,73.4,86.2,59.6,0,63.3,424,437,0.816,0.965,0.649,0.542
Epic High School - South,"121-10 Rockaway Boulevard, South Ozone Park NY 11420",40.675021,-73.81673,0.813,0.927,55.3,46.8,47.6,0,64.6,48,60.1,0,54.7,0,61.4,405,436,0.845,0.738,0.594,0.593
Esperanza Preparatory Academy,"240 East 109th Street, Manhattan NY 10029",40.792556,-73.942285,0.94,0.906,51.9,42.2,0,60.6,68.3,42.4,66.7,85.4,52.6,0,0,377,381,0.901,0.418,0.506,0.5
Essex Street Academy,"350 Grand Street, Manhattan NY 10002",40.717329,-73.989329,0.96,0.979,0,0,0,0,79.6,0,0,0,0,0,0,440,481,0.84,0.933,0.863,0.775
Excellence Girls Charter School,"794 Monroe St, Brooklyn, NY 11221",40.688501,-73.924454,0.91,0.958,49.9,43.9,0,30.5,53.1,45.8,65.7,0,48.9,0,64.5,0,0,0.842,0.779,0.792,0.646
Excelsior Preparatory High School,"143-10 Springfield Boulevard, Springfield Gardens NY 11413",40.66903,-73.757744,0.907,0.866,74.3,77,63.3,0,65.2,73.4,74,68.1,69.5,51,62.3,379,413,0.911,0.731,0.505,0.43
Eximius College Preparatory Academy: A College Board School,"1363 Fulton Avenue, Bronx NY 10456",40.833884,-73.902794,0.937,0.933,68.2,50.2,0,57.9,76.1,51.9,66.7,83,60.6,0,70.3,445,460,0.89,0.462,0.686,0.696
Explorations Academy H.S.,"1619 Boston Road, Bronx NY 10460",40.836245,-73.890591,0.753,0.825,53.3,46.3,39,55.9,63.3,42.3,66.1,86.3,56.3,0,57.5,413,423,0.891,0.329,0.509,0.45
"Facing History School, The","525 West 50th Street, Manhattan NY 10019",40.765474,-73.9927,0.916,0.821,0,0,0,0,65.9,0,0,0,0,0,0,405,424,0.78,0.584,0.621,0.671
Fannie Lou Hamer Freedom High School,"1021 Jennings Street, Bronx NY 10460",40.831212,-73.885804,0.827,0.858,0,0,0,0,67.6,0,0,0,0,0,0,383,411,0.759,0.356,0.425,0.336
FDNY - Captain Vernon A. Richard High School for Fire and Life Safety,"400 Pennsylvania Avenue, Brooklyn NY 11207",40.666868,-73.895122,0.921,0.741,58.5,55,0,48.3,52.7,42.5,54.3,0,53.9,0,54.4,356,388,0.878,0.262,0.185,0.267
Fiorello H. LaGuardia High School of Music & Art and Performing Arts,"100 Amsterdam Avenue, Manhattan NY 10023",40.774202,-73.985976,0.987,0.996,78.8,75.1,71.2,0,85.7,76,79.6,89.1,82,65,82.6,586,602,0.923,0.991,0.875,0.809
Flushing High School,"35-01 Union Street, Flushing NY 11354",40.764892,-73.826811,0.86,0.84,60.5,51.5,50.2,59,67.1,53.2,64.8,77.2,54.9,0,68.5,431,428,0.837,0.752,0.596,0.616
Flushing International High School,"144-80 Barclay Avenue, Flushing NY 11355",40.759963,-73.818399,0.888,0.902,70.6,0,0,0,51.6,0,0,0,0,0,0,418,377,0.88,0.607,0.539,0.523
Food and Finance High School,"525 West 50th Street, Manhattan NY 10019",40.765474,-73.9927,0.898,0.864,56.6,47.9,51.8,59,71.8,45.8,63.9,0,64.7,0,63.8,434,439,0.867,0.841,0.617,0.67
Fordham High School for the Arts,"500 East Fordham Road, Bronx NY 10458",40.859466,-73.888625,1,0.952,65.9,58.4,46.6,69.2,76,50.1,70.7,0,66.6,0,66.8,451,464,0.908,1,0.845,0.833
Fordham Leadership Academy,"500 East Fordham Road, Bronx NY 10458",40.859466,-73.888625,1,1,58.6,42.3,40.4,54,67.6,46.2,63.2,87.9,59.1,29.7,65.8,408,411,0.898,0.476,0.738,0.511
Forest Hills High School,"67-01 110th Street, Forest Hills NY 11375",40.730017,-73.843972,0.933,0.937,65.2,62.9,67.6,60.2,78.9,62.7,71.9,84.1,69.2,58.8,72.3,501,498,0.924,0.7,0.779,0.743
Fort Hamilton High School,"8301 Shore Road, Brooklyn NY 11209",40.626827,-74.038103,0.894,0.888,68,60.6,75.9,68.3,79,63.5,74.9,80.9,72,72.8,72.7,510,497,0.882,0.716,0.713,0.67
Francis Lewis High School,"58-20 Utopia Parkway, Fresh Meadows NY 11365",40.740875,-73.795049,0.929,0.962,76.3,82.3,78.8,68.7,77.7,72.9,78.1,84.2,75.7,74.1,76,570,531,0.923,0.763,0.821,0.766
Frank McCourt High School,"145 West 84th Street, Manhattan NY 10024",40.786134,-73.974483,0.957,0.99,66.8,0,0,0,74.4,0,70.9,0,70.2,0,68.8,478,524,0.898,0.967,0.874,0.753
Frank Sinatra School of the Arts High School,"35-12 35th Avenue, Astoria NY 11106",40.756099,-73.925182,0.99,0.986,69.9,65.9,66.3,0,89.2,67.4,77.1,87.6,77,57.5,82.1,530,572,0.908,0.988,0.866,0.841
Franklin Delano Roosevelt High School,"5800 20th Avenue, Brooklyn NY 11204",40.621299,-73.982583,0.768,0.835,64.9,68.3,65.5,56.5,65.4,64,68.1,81.1,68.5,65.1,70.7,471,454,0.861,0.605,0.615,0.554
Frederick Douglass Academy,"2581 7th Avenue, Manhattan NY 10039",40.823988,-73.935746,0.765,0.898,55.3,59.4,0,59.8,66.3,52.6,60,76.2,53.7,0,65.3,426,444,0.838,0.679,0.668,0.667
Frederick Douglass Academy II Secondary School,"215 West 114th Street, Manhattan NY 10026",40.80261,-73.954152,0.881,0.921,55.7,43.2,36,0,52.4,45,64.7,0,52.6,29.3,57.3,391,411,0.873,0.799,0.508,0.536
Frederick Douglass Academy III Secondary School,"3630 Third Avenue, Bronx NY 10456",40.833493,-73.903951,0.889,0.784,58.9,0,0,0,70.7,48.2,61.8,0,54.7,0,65.4,379,399,0.81,0.306,0.402,0.353
Frederick Douglass Academy VI High School,"8-21 Bay 25th Street, Far Rockaway NY 11691",40.601537,-73.763995,0.75,0.547,59.7,45.2,0,44.9,58.8,48.8,56.7,69.4,52.2,0,60.6,383,390,0.83,0.331,0.105,0.247
Frederick Douglass Academy VII High School,"226 Bristol Street, Brooklyn NY 11212",40.665568,-73.912102,0.935,1,55.5,0,53.5,0,71.5,0,60.5,0,55.3,0,62.5,406,414,0.913,0.661,0.615,0.467
Gaynor McCown Expeditionary Learning School,"100 Essex Drive, Staten Island NY 10314",40.581958,-74.159343,0.974,0.962,64.9,65.2,59.1,0,85.3,52.5,73.5,0,74.4,0,72,481,496,0.882,0.649,0.781,0.75
George Washington Carver High School for the Sciences,"143-10 Springfield Boulevard, Springfield Gardens NY 11413",40.66903,-73.757744,0.845,0.851,59.8,55.4,56.6,59.1,64.9,47.5,63.9,74.9,56,0,65.3,408,413,0.886,0.625,0.554,0.489
George Westinghouse Career and Technical Education High School,"105 Tech Place, Brooklyn NY 11201",40.695444,-73.986105,0.899,0.944,57.9,47.7,48.2,0,65.8,45.7,59.5,0,58.4,0,61.8,405,429,0.861,0.771,0.561,0.539
Gotham Collaborative High School,"1980 Lafayette Avenue, Bronx NY 10473",40.821218,-73.85593,0.779,0.738,53.3,41.4,40.5,45,65.8,43.5,63.5,0,57.5,0,60.6,387,407,0.862,0.337,0.324,0.281
Gotham Professional Arts Academy,"561 Grand Avenue, Brooklyn NY 11238",40.678591,-73.961636,0.75,0.882,0,0,0,0,61,0,0,0,0,0,0,0,0,0.749,0.391,0.5,0.529
Gramercy Arts High School,"40 Irving Place, Manhattan NY 10003",40.735361,-73.987064,0.98,0.953,66.9,60.7,55.3,0,73.9,55.5,69.6,0,68.8,0,67.5,438,458,0.851,0.99,0.709,0.646
Great Oaks Charter School,"240 Bleecker St, New York, NY 10014",40.730649,-74.002659,0,0,66.5,60.8,0,56,0,0,67.5,0,63.3,0,62,0,0,0.903,0,0,0
Gregorio Luperon High School for Science and Mathematics,"501 West 165th Street, Manhattan NY 10032",40.8381,-73.9383,0.986,0.974,63.2,47.5,0,55.2,58.3,55.4,69.4,88.5,62.9,0,66.7,381,379,0.899,0.873,0.565,0.426
Grover Cleveland High School,"21-27 Himrod Street, Ridgewood NY 11385",40.711881,-73.909202,0.848,0.833,62.2,69.2,58.5,56.1,73.5,58.5,68.5,89.2,57.6,0,68.4,436,438,0.831,0.735,0.539,0.458
"H.E.R.O. High (Health, Education, and Research Occupations High School)","455 Southern Boulevard, Bronx NY 10455",40.810671,-73.907528,0.814,0.923,59.2,0,0,0,71.1,0,66.9,0,60.9,0,63.9,0,0,0.787,0.744,0.714,0.555
Harlem Children's Zone Promise Academy Charter School,"245 West 129th St., New York, NY 10027",40.812377,-73.948482,1,0.983,69.6,59.1,59.6,73.6,70.8,61.6,68.7,0,68,0,59.9,440,465,0.932,0.363,0.763,0.596
Harlem Children's Zone Promise Academy II Charter School,"35 East 125th Street, Manhattan, NY 10035",40.805863,-73.940767,1,1,61,50.6,50.9,47.6,73.1,47.2,61.2,0,60.4,0,57.6,466,448,0.929,0.5,0.82,0.837
Harlem Prep Charter School,"240 East 123 Street, Manhattan, NY 10035",40.801581,-73.934893,0.814,0.829,63,59.1,58.6,0,62,57.2,71,69.1,67.4,43.2,72.3,0,0,0.842,0.883,0.579,0.582
Harlem Village Academy East Charter School,"2351 First Avenue, Manhattan, NY 10035",40.79913,-73.93316,0.846,1,63.4,0,0,0,64.1,0,67.5,0,62,0,0,0,0,0.909,0.576,0.545,0.579
Harlem Village Academy West Charter School,"74 West 124 Street, Manhattan, NY 10027",40.806906,-73.945507,0.938,0.971,68.1,0,0,0,66.4,0,69.2,0,63.4,0,0,0,0,0.938,0.58,0.829,0.763
Harry S Truman High School,"750 Baychester Avenue, Bronx NY 10475",40.874035,-73.831669,0.82,0.837,62.3,65.5,65.7,70.5,70.7,64.7,62.5,77.1,58.9,0,66,462,469,0.897,0.706,0.501,0.475
Harvest Collegiate High School,"34 West 14th Street, Manhattan NY 10011",40.736416,-73.995731,0.857,0.935,0,0,0,0,72.6,0,0,0,0,0,0,437,464,0.805,0.661,0.769,0.72
Health Opportunities High School,"350 Gerard Avenue, Bronx NY 10451",40.815712,-73.92996,0.742,0.786,59.6,0,48.4,56.6,62.6,50,69.1,0,65.1,0,59.7,402,398,0.823,0.253,0.759,0.519
"Health, Arts, Robotics, and Technology High School","207-01 116th Avenue, Queens, NY 11411",40.697841,-73.745608,0.92,0.912,67.9,65.8,51.5,69.5,77.1,69.9,69.7,84,62,29.4,60.1,398,407,0.849,0.943,0.604,0.771
Herbert H. Lehman High School,"3000 East Tremont Avenue, Bronx NY 10461",40.839775,-73.839583,0.805,0.832,61.9,74.6,64.6,69.3,65.5,65.9,61.4,88.8,65,0,0,420,430,0.877,0.384,0.503,0.692
"Heritage School, The","1680 Lexington Avenue, Manhattan NY 10029",40.791966,-73.946879,0.831,0.75,59.3,0,0,53.5,70.7,42,60.3,0,55,34.5,62.1,403,424,0.862,0.401,0.529,0.587
High School for Arts and Business,"105-25 Horace Harding Expressway N, Corona NY 11368",40.737673,-73.853412,0.973,0.971,66.3,58.3,50.9,63.8,74.6,54.9,78.5,84.3,64.9,40.2,78.1,455,459,0.901,0.906,0.786,0.804
High School for Civil Rights,"400 Pennsylvania Avenue, Brooklyn NY 11207",40.666868,-73.895122,0.793,0.714,59.1,0,0,50.3,61.4,0,59.2,0,0,0,57.2,341,384,0.787,0.414,0.317,0.449
High School for Community Leadership,"167-01 Gothic Drive, Jamaica NY 11432",40.714551,-73.798658,0.938,0.96,74.9,71.9,67.7,0,77.9,70.1,77.9,83.9,74.9,66.3,74.3,466,474,0.845,0.919,0.833,0.669
"High School for Construction Trades, Engineering and Architecture","94-06 104th Street, Ozone Park NY 11416",40.689177,-73.841475,0.993,0.992,75.4,68.5,57,73.5,80.6,64.8,77.9,0,72.4,47.5,74.2,503,494,0.932,0.996,0.868,0.805
High School for Contemporary Arts,"800 East Gun Hill Road, Bronx NY 10467",40.875172,-73.861649,0.894,0.827,50.1,34.1,38.9,48.3,58,42.9,56.8,0,51.1,0,48.9,370,374,0.842,0.288,0.355,0.338
High School for Dual Language and Asian Studies,"350 Grand Street, Manhattan NY 10002",40.717329,-73.989329,0.988,0.99,91.5,76.4,82,84.8,75.9,80.6,84.5,89.1,83.6,84,78.4,640,538,0.977,1,0.929,0.939
High School for Energy and Technology,"2474 Crotona Avenue, Bronx NY 10458",40.855392,-73.882487,0.909,0.938,56.9,49.7,0,57.6,66.4,56.7,64,84.3,62.9,0,66.8,401,409,0.809,0.352,0.37,0.433
High School for Environmental Studies,"444 West 56th Street, Manhattan NY 10019",40.767848,-73.98861,0.887,0.944,62.8,61.2,60.6,72.7,78.6,56.7,72.7,79.8,67.5,0,69.2,463,477,0.847,0.713,0.768,0.672
High School for Health Careers and Sciences,"549 Audubon Avenue, Manhattan NY 10040",40.856532,-73.92606,0.795,0.793,53.5,0,0,57.4,64.8,51.1,61.1,83.4,55,0,62.4,378,393,0.858,0.288,0.55,0.438
High School for Health Professions and Human Services,"345 East 15th Street, Manhattan NY 10003",40.732665,-73.98259,0.948,0.971,61.2,54.8,60.4,63.3,81.3,58.7,70.5,83.5,68,57.2,72.7,483,483,0.91,0.891,0.833,0.851
High School for Innovation in Advertising and Media,"1600 Rockaway Parkway, Brooklyn NY 11236",40.640543,-73.898601,0.907,0.855,56.5,43.1,0,66.3,59.2,48.3,59.4,0,49.1,0,53.8,402,398,0.839,0.269,0.527,0.574
High School for Law and Public Service,"549 Audubon Avenue, Manhattan NY 10040",40.856532,-73.92606,0.822,0.673,56.9,42.1,0,66.4,57,55,66.5,85.3,65.1,0,61.2,387,419,0.804,0.384,0.389,0.436
High School for Law Enforcement and Public Safety,"116-25 Guy R Brewer Boulevard, Jamaica NY 11434",40.685838,-73.783438,0.865,0.89,54.6,46.3,0,58.6,64,48.6,61.5,0,52.1,0,61.7,406,410,0.822,0.684,0.587,0.457
"High School for Law, Advocacy and Community Justice","122 Amsterdam Avenue, Manhattan NY 10023",40.774891,-73.985608,0.865,0.866,59,49.3,0,48.2,78.5,59.9,67.4,0,55.3,0,65.6,410,437,0.793,0.837,0.622,0.64
"High School for Mathematics, Science and Engineering at City College","240 Convent Avenue, Manhattan NY 10031",40.820208,-73.950354,1,1,91.4,88,87.9,0,92.7,87.2,87.6,87.9,91.3,86.1,86,724,697,0.955,1,0.914,0.825
High School for Media and Communications,"549 Audubon Avenue, Manhattan NY 10040",40.856532,-73.92606,0.905,0.899,58.7,59.2,0,63.5,62.5,57,62.5,86.7,57.2,0,57.4,381,409,0.827,0.47,0.393,0.389
High School for Medical Professions,"1600 Rockaway Parkway, Brooklyn NY 11236",40.640543,-73.898601,0.85,0.957,65.2,0,46.7,56.9,65,46.6,64.8,0,59.2,0,65.9,421,435,0.855,0.349,0.692,0.488
High School for Public Service: Heroes of Tomorrow,"600 Kingston Avenue, Brooklyn NY 11203",40.658671,-73.943839,0.934,0.963,59.5,41,44.1,52.8,64.2,48.9,64.1,84.5,59.8,0,67.5,412,443,0.869,0.408,0.741,0.754
High School for Service & Learning at Erasmus,"911 Flatbush Avenue, Brooklyn NY 11226",40.649602,-73.957173,0.918,0.841,58.8,50,0,56.9,60.5,44.2,64.2,66.9,57.5,0,63.2,391,406,0.859,0.852,0.507,0.516
High School for Teaching and the Professions,"2780 Reservoir Avenue, Bronx NY 10468",40.869061,-73.897066,0.958,0.845,57.9,49,44.2,49.8,62.1,0,59.5,81.8,57.9,0,0,415,451,0.908,0.542,0.476,0.552
High School for Violin and Dance,"1110 Boston Road, Bronx NY 10456",40.827455,-73.90392,0.738,0.769,62.5,0,0,0,63.3,47.1,62.7,0,62.4,0,66.7,382,404,0.884,0.583,0.369,0.377
High School for Youth and Community Development at Erasmus,"911 Flatbush Avenue, Brooklyn NY 11226",40.649602,-73.957173,0.907,0.878,58.9,52.9,0,0,63.1,50.1,64.5,0,55.9,0,62.1,394,415,0.954,0.297,0.489,0.477
High School of American Studies at Lehman College,"2925 Goulden Avenue, Bronx NY 10468",40.874725,-73.895543,0.989,0.989,87.2,81.7,82.6,0,92.7,83.3,93.4,93.6,89.3,80.9,89.9,702,717,0.958,1,0.989,1
High School of Applied Communication,"30-20 Thomson Avenue, Long Island City NY 11101",40.744175,-73.937004,0.833,0.988,64,45.9,37.3,59.5,64.9,52.1,63.7,82.9,60.7,0,69,437,446,0.845,0.911,0.831,0.714
High School of Arts and Technology,"122 Amsterdam Avenue, Manhattan NY 10023",40.774891,-73.985608,0.844,0.869,55,42.3,43.2,42.8,66.4,48.2,59.4,0,53.5,0,63.3,424,436,0.807,0.917,0.505,0.553
High School of Computers and Technology,"800 East Gun Hill Road, Bronx NY 10467",40.875172,-73.861649,0.855,0.846,62.7,68.8,0,66.8,67.6,64,64.5,0,61.7,45.3,72.9,426,462,0.873,0.56,0.547,0.592
High School of Economics and Finance,"100 Trinity Place, Manhattan NY 10006",40.70927,-74.012328,0.91,0.926,63.8,59.5,56.7,63.9,79.4,57.8,73.3,92.8,68.3,0,73.4,477,472,0.891,0.617,0.783,0.854
High School of Hospitality Management,"525 West 50th Street, Manhattan NY 10019",40.765474,-73.9927,0.754,0.885,57,40.3,0,67.5,79.3,50.6,61.9,0,70,0,59.5,410,402,0.725,0.228,0.54,0.519
High School of Language and Innovation,"925 Astor Avenue, Bronx NY 10469",40.860443,-73.860729,0.876,0.955,66.7,52.4,0,60.3,61.1,53.7,65.9,86.6,52.9,0,60.3,393,399,0.902,0.633,0.518,0.542
High School of Sports Management,"2630 Benson Avenue, Brooklyn NY 11214",40.593028,-73.986313,0.81,0.787,58.1,57.7,60.6,66.7,45.3,52.9,61.6,0,57.3,0,58.3,388,391,0.809,0.571,0.533,0.259
High School of Telecommunication Arts and Technology,"350 67th Street, Brooklyn NY 11220",40.636721,-74.023419,0.93,0.967,59.3,57.3,52.1,66.1,77,63,69.1,78.3,62.6,48.1,71.9,494,483,0.943,0.978,0.832,0.794
High School of World Cultures,"1300 Boynton Avenue, Bronx NY 10472",40.832508,-73.878191,0.879,0.931,63.8,46.9,0,62.4,58.2,0,64.9,88.8,65.1,0,73.4,0,0,0.897,0.544,0.466,0.296
Hillcrest High School,"160-05 Highland Avenue, Jamaica NY 11432",40.709461,-73.803001,0.842,0.818,59.7,58.6,63.6,51.2,71.5,48.2,68,81.1,60.2,44,67.6,435,447,0.882,0.794,0.642,0.622
Hillside Arts & Letters Academy,"167-01 Gothic Drive, Jamaica NY 11432",40.714551,-73.798658,0.925,0.971,65.8,58.2,55.2,67.1,69.7,47.4,72.5,85.8,73,0,65.7,409,448,0.868,0.943,0.714,0.605
Hostos-Lincoln Academy of Science,"600 Saint Ann's Avenue, Bronx NY 10455",40.814857,-73.912038,0.949,0.918,67.7,0,60.7,73.5,78.9,65.5,70.6,0,76.6,0,79.5,483,488,0.88,0.722,0.622,0.767
Hudson High School of Learning Technologies,"351 West 18th Street, Manhattan NY 10011",40.743407,-74.00254,0.922,0.881,60.6,47.6,0,55.8,70.1,52.9,63.9,78,66.4,0,68.4,427,440,0.817,0.643,0.633,0.688
Humanities Preparatory Academy,"351 West 18th Street, Manhattan NY 10011",40.743407,-74.00254,0.965,0.942,0,0,0,0,79.9,0,0,0,0,0,0,456,475,0.863,0.404,0.768,0.729
Information Technology High School,"21-16 44th Road, Long Island City NY 11101",40.748502,-73.946488,0.917,0.93,57.1,46.2,60.6,0,75.6,50.7,69.6,87,65.3,43.9,72.5,434,442,0.913,0.696,0.652,0.559
Innovation Charter High School,"410 East 100 Street, Manhattan, NY 10029",40.785513,-73.942161,0.767,0.861,60.8,46.9,0,59.2,65.9,43.1,62.4,0,59.3,0,66.5,393,420,0.753,0.255,0.396,0.388
Institute for Collaborative Education,"345 East 15th Street, Manhattan NY 10003",40.732665,-73.98259,0.955,1,0,0,0,0,83.4,0,0,0,0,0,0,542,593,0.912,0.439,0.871,0.766
Institute for Health Professions at Cambria Heights,"207- 01 116th Avenue, Cambria Heights NY 11411",40.698786,-73.74633,0.958,0.882,0,0,0,0,68.1,0,0,0,0,0,0,421,444,0.861,0.891,0.718,0.524
In-Tech Academy (M.S. / High School 368),"2975 Tibbett Avenue, Bronx NY 10463",40.877935,-73.913694,0.908,0.861,57.1,54,57.3,54.8,69.4,51.9,65.1,77.2,67.9,0,64.5,424,451,0.906,0.585,0.623,0.634
International Community High School,"345 Brook Avenue, Bronx NY 10454",40.810314,-73.918774,0.815,0.88,0,0,0,0,58.8,0,0,0,0,0,0,379,384,0.855,0.667,0.5,0.571
International High School at Lafayette,"2630 Benson Avenue, Brooklyn NY 11214",40.593028,-73.986313,0.779,0.778,61.8,0,0,0,48.9,0,0,0,0,0,0,406,390,0.823,0.487,0.556,0.553
International High School at Prospect Heights,"883 Classon Avenue, Brooklyn NY 11225",40.669805,-73.960689,0.73,0.831,53,0,0,0,51.7,0,0,0,0,0,0,387,387,0.82,0.784,0.566,0.364
International High School at Union Square,"40 Irving Place, Manhattan NY 10003",40.735361,-73.987064,0.815,0.915,58.7,0,0,0,60.4,0,0,0,0,0,0,394,390,0.851,0.284,0.543,0.564
International High School for Health Sciences,"48-01 90th Street, Elmhurst NY 11373",40.740824,-73.874129,0.756,0.882,65.5,0,0,0,62.3,0,0,0,0,0,0,0,0,0.893,0.78,0.632,0.422
International Leadership Charter High School,"3030 Riverdale Avenue, Bronx, NY 10463",40.881144,-73.909533,0.811,0.918,66.3,0,0,0,81.4,0,76.3,0,64.6,0,68.9,0,0,0.919,0.145,0.822,0.75
International School for Liberal Arts,"2780 Reservoir Avenue, Bronx NY 10468",40.869061,-73.897066,0.761,0.849,65.2,46.7,0,49.1,46.3,42.6,61.4,90.4,57.1,0,66.8,383,397,0.856,0.773,0.462,0.36
Inwood Academy for Leadership Charter School,"3896 10 Avenue, Manhattan, NY 10034",40.865421,-73.918245,0.871,0.975,52.4,51,0,55.5,67.4,47.5,62.4,0,60.5,0,63.8,423,448,0.905,0.444,0.744,0.732
Inwood Early College for Health and Information Technologies,"650 Academy Street, Manhattan NY 10034",40.865556,-73.925464,0.856,0.94,61,51.6,0,53.3,63.8,0,62.5,79.1,61.8,0,61.3,405,433,0.856,0.505,0.72,0.648
It Takes a Village Academy,"5800 Tilden Avenue, Brooklyn NY 11203",40.647728,-73.922212,0.882,0.903,52.5,46.9,0,61,60.9,50.3,59.6,0,53,0,66.2,422,434,0.863,0.591,0.606,0.477
Jacqueline Kennedy Onassis High School,"120 West 46th Street, Manhattan NY 10036",40.757626,-73.98346,0.809,0.862,59.8,45.4,60.4,0,68,53.7,68.6,71.5,64.6,0,65.2,427,440,0.818,0.596,0.569,0.426
Jamaica Gateway to the Sciences,"167-01 Gothic Drive, Jamaica NY 11432",40.714551,-73.798658,0.957,0.935,65.1,63.2,60.3,0,78.9,59.6,72.2,83.2,64.6,44,75.1,451,450,0.894,0.659,0.839,0.866
James Madison High School,"3787 Bedford Avenue, Brooklyn NY 11229",40.610499,-73.947661,0.896,0.941,66.1,55.7,62.6,62.2,75.2,63.3,72.9,77.5,68.1,56.8,73.3,491,485,0.877,0.856,0.765,0.715
John Adams High School,"101-01 Rockaway Boulevard, Ozone Park NY 11417",40.680065,-73.838616,0.878,0.844,65.3,58.5,59.8,60.8,73.6,56.1,71.6,72.2,63.6,52.5,68.2,427,437,0.866,0.768,0.526,0.518
John Bowne High School,"63-25 Main Street, Flushing NY 11367",40.737448,-73.823841,0.811,0.863,63.4,55.6,70.6,66.9,69.5,51.8,69.3,86.8,69.4,71.7,69.6,441,449,0.851,0.747,0.616,0.612
John Dewey High School,"50 Avenue X, Brooklyn NY 11223",40.58807,-73.981925,0.808,0.872,64.6,60.7,61.3,54,69.1,60,71.1,87,64.9,0,70,466,459,0.892,0.796,0.698,0.659
John Jay School for Law,"237 7th Avenue, Brooklyn NY 11215",40.669255,-73.97858,0.89,0.891,59.4,61.4,49,0,73.9,52.7,67.5,0,64.6,0,68.8,405,413,0.806,0.354,0.636,0.594
John W. Lavelle Preparatory Charter School,"1441 South Avenue, Staten Is, NY 10314",40.60489,-74.181681,0.938,0.979,61.1,53,0,56.3,74.5,55,72.4,0,63.6,0,71.8,0,0,0.875,0.313,0.729,0.642
Juan Morel Campos Secondary School,"215 Heyward Street, Brooklyn NY 11206",40.703996,-73.953304,0.788,0.688,55.2,50.2,48.5,54.2,65.6,49,63.6,86.1,69.7,0,71.2,420,425,0.84,0.606,0.406,0.367
Khalil Gibran International Academy,"362 Schermerhorn Street, Brooklyn NY 11217",40.686147,-73.979829,0.846,0.811,50.9,0,0,46.3,51.3,46.8,61.9,0,43.6,0,67.5,396,394,0.876,0.385,0.472,0.481
Kings Collegiate Charter School,"905 Winthrop St, Brooklyn, NY 11203",40.658421,-73.929127,0.904,0.975,53.6,45,0,0,52.4,51.7,64.9,0,55.1,0,63.2,0,0,0.875,0.904,0.753,0.647
Kingsborough Early College School,"2630 Benson Avenue, Brooklyn NY 11214",40.593028,-73.986313,0.981,1,68.8,59.5,77.8,67.8,79.7,59.5,77.8,84,75.1,0,68.3,471,499,0.866,0.991,0.879,0.822
Kingsbridge International High School,"2780 Reservoir Avenue, Bronx NY 10468",40.869061,-73.897066,0.659,0.655,62.4,51.4,0,0,44.4,0,61.9,80.7,60.1,0,59,367,376,0.851,0.085,0.395,0.321
KIPP Academy Charter School,"250 East 156 Street, Bronx, NY 10451",40.82306,-73.921293,0.934,0.942,68.3,71,70.1,0,74.6,0,72.8,79.6,72.4,0,75.5,0,0,0.928,0.758,0.565,0.627
KIPP Infinity Charter School,"625 West 133 Street, Manhattan, NY 10027",40.819766,-73.958255,0.898,0.945,69,69.9,69.6,0,75.7,72.2,73.3,81.6,72.7,0,72.9,0,0,0.9,0.661,0.668,0.555
Knowledge and Power Preparatory Academy International High School (Kappa),"500 East Fordham Road, Bronx NY 10458",40.859466,-73.888625,0.924,1,56.5,60.2,61.2,58.4,58.6,54.9,60.6,0,57.2,0,67.1,427,421,0.823,0.646,0.827,0.827
Kurt Hahn Expeditionary Learning School,"5800 Tilden Avenue, Brooklyn NY 11203",40.647728,-73.922212,0.738,0.767,0,0,0,0,60.7,0,0,0,0,0,0,355,388,0.772,0.357,0.479,0.421
Landmark High School,"351 West 18th Street, Manhattan NY 10011",40.743407,-74.00254,0.791,0.904,0,0,0,0,66.3,0,0,0,0,0,0,391,427,0.793,0.703,0.685,0.53
Leaders In Our Neighborhood Charter School,"730 Bryant Avenue, Bronx, NY 10474",40.815527,-73.885778,0.9,0.789,58.2,52.5,43.4,0,66.5,53.4,67.8,74.1,54.7,49.3,67.3,0,0,0.896,0.611,0.579,0.689
Leadership and Public Service High School,"90 Trinity Place, Manhattan NY 10006",40.708971,-74.012465,0.842,0.88,56.3,43.3,53.2,52.3,73.2,49.3,72.1,86.6,62.6,0,71,418,443,0.809,0.893,0.641,0.595
Leadership Preparatory Bedford Stuyvesant Charter School,"141 Macon Street, Brooklyn, NY 11216",40.681655,-73.944796,0.878,0.945,55.7,39.4,0,0,56.5,50.3,64.4,0,52.7,0,65.4,0,0,0.894,0.883,0.855,0.802
Leadership Preparatory Ocean Hill Charter School,"51 Christopher Ave, Brooklyn, NY 11212",40.672307,-73.906528,0.961,0.967,59,40,0,0,54.7,52.5,62.2,0,53.3,0,65.9,0,0,0.871,0.902,0.848,0.829
Legacy College Preparatory Charter School,"416 Willis Avenue, Bronx, NY 10454",40.813157,-73.919913,0,0,60.7,53.5,48.2,0,64.9,51,66.4,77.7,54.9,49,68.3,0,0,0.898,0,0,0
Leon M. Goldstein High School for the Sciences,"1830 Shore Boulevard, Brooklyn NY 11235",40.578356,-73.934449,0.949,0.987,73.8,74.8,75.6,64.4,85.2,70.1,77.7,85,72.7,66.6,78.2,610,585,0.922,0.941,0.866,0.888
Life Academy High School for Film and Music,"2630 Benson Avenue, Brooklyn NY 11214",40.593028,-73.986313,0.843,0.966,56.4,51.9,0,49.3,59.2,48.3,62.6,82.6,54.8,0,63.2,406,412,0.829,0.514,0.746,0.523
Lois and Richard Nicotra Early College Charter School,"1441 South Avenue, Staten Is, NY 10314",40.604831,-74.181752,0.923,0,61.4,0,0,57.1,71.4,51.5,71.7,0,62.8,0,73.4,0,0,0.868,0.674,0,0.571
Long Island City High School,"14-30 Broadway, Astoria NY 11106",40.765881,-73.933907,0.8,0.868,59.8,52,51.5,63.2,67.9,53.4,67,73.5,57.3,58.8,65.9,423,432,0.86,0.674,0.579,0.54
Longwood Preparatory Academy,"965 Longwood Avenue, Bronx NY 10459",40.817741,-73.897876,0.893,0.824,59.5,58.8,0,55.6,63.9,0,61.3,0,62,0,67.3,395,403,0.838,0.92,0.471,0.448
Lower Manhattan Arts Academy,"350 Grand Street, Manhattan NY 10002",40.717329,-73.989329,0.851,0.842,55.8,43.3,53.5,55.5,70.3,52.2,63.7,0,59.9,0,62.1,403,433,0.788,0.851,0.513,0.385
Lyons Community School,"223 Graham Avenue, Brooklyn NY 11206",40.709765,-73.944463,0.754,0.786,0,0,0,0,68.4,0,0,0,0,0,0,411,424,0.686,0.738,0.529,0.421
Manhattan / Hunter Science High School,"122 Amsterdam Avenue, Manhattan NY 10023",40.774891,-73.985608,0.982,0.991,73.9,83.1,74.2,0,85.9,0,80.4,96.7,77.3,0,78.6,622,606,0.953,0.938,0.936,0.944
Manhattan Academy For Arts & Language,"111 East 33rd Street, Manhattan NY 10016",40.74651,-73.98107,0.808,0.71,57.5,0,0,61.5,68.6,46.4,62.3,86.4,57.8,0,69.5,409,399,0.827,0.519,0.371,0.342
Manhattan Bridges High School,"525 West 50th Street, Manhattan NY 10019",40.765474,-73.9927,0.954,0.951,72.4,56.2,54.6,62.5,70.4,57.3,67.6,89.5,69.8,49.8,67.9,465,456,0.904,0.991,0.889,0.641
Manhattan Business Academy,"351 West 18th Street, Manhattan NY 10011",40.743407,-74.00254,0.929,0.932,65.1,59.4,52.7,58,74.5,56.1,67.8,91.1,62,0,67,425,440,0.851,0.393,0.65,0.681
Manhattan Center for Science and Mathematics,"260 Pleasant Avenue, Manhattan NY 10029",40.794184,-73.932868,0.995,0.974,76.1,74.3,80.3,76.4,84.1,81.7,81.8,85.9,75.7,78.4,74.6,589,575,0.942,0.968,0.828,0.846
Manhattan Early College School for Advertising,"411 Pearl Street, Manhattan NY 10038",40.711441,-74.000851,0.948,0.97,63.3,52.1,55.1,68.8,74.5,51.5,70.3,0,73.2,0,65.8,450,454,0.834,0.835,0.818,0.901
Manhattan International High School,"317 East 67th Street, Manhattan NY 10065",40.765638,-73.959777,0.675,0.781,0,0,0,0,61.9,0,0,0,0,0,0,396,406,0.868,0.281,0.548,0.465
Manhattan Village Academy,"43 West 22nd Street, Manhattan NY 10010",40.741963,-73.991966,0.992,1,70.5,74,73.1,73.5,83.2,74.6,82,84.7,80.9,0,76.9,539,531,0.934,0.946,0.908,0.91
Marble Hill High School for International Studies,"99 Terrace View Avenue, Bronx NY 10463",40.877379,-73.912686,0.99,0.991,70.6,62.8,64.7,0,71.7,53.4,73.5,74.1,67.3,51.6,74.5,475,476,0.901,0.823,0.802,0.763
Martin Van Buren High School,"230-17 Hillside Avenue, Queens Village NY 11427",40.733888,-73.739726,0.838,0.89,59.2,49,57.1,53.2,71.8,50.2,66.1,75.1,63.3,52.5,65.2,430,437,0.846,0.55,0.635,0.694
Maspeth High School,"54-40 74th Street, Elmhurst NY 11373",40.729104,-73.887909,0.964,0.993,65.4,55.8,55.4,63.1,80.2,60.1,72,75.2,66.7,44.1,74.1,468,474,0.888,0.962,0.878,0.788
"Math, Engineering, and Science Academy Charter High School","231 Palmetto Street, Brooklyn, NY 11221",40.695579,-73.914957,0.865,0.976,68,55.4,0,57.6,71.1,52.8,67,0,63.1,0,67.7,0,0,0.522,0.746,0.768,0.656
"Mathematics, Science Research and Technology Magnet High School","207- 01 116th Avenue, Cambria Heights NY 11411",40.698786,-73.74633,0.83,0.78,59.9,52.4,51,69.8,69.3,53,70.7,73.5,59.2,0,64.1,425,425,0.895,0.699,0.505,0.382
Medgar Evers College Preparatory School,"1186 Carroll Street, Brooklyn NY 11225",40.66679,-73.951823,0.974,0.996,67.9,62.4,62.5,0,71.8,61.7,72.1,77.5,70.6,52.5,69.8,529,539,0.95,0.944,0.91,0.813
Metropolitan Expeditionary Learning School,"91-30 Metropolitan Avenue, Forest Hills NY 11375",40.708431,-73.855543,0.972,1,59.6,63.5,59.5,58.2,78.1,53.8,72.3,82,67.6,0,73.3,458,493,0.892,0.646,0.902,0.782
"Metropolitan High School, The","1180 Rev. J.A. Polite Avenue, Bronx NY 10459",40.827539,-73.896925,0.769,0.718,49.8,0,0,52.4,52.9,42.1,55.5,80.9,48.9,0,54.7,355,375,0.834,0.2,0.318,0.216
Middle College High School at LaGuardia Community College,"45-35 Van Dam Street, Long Island City NY 11101",40.743253,-73.933316,0.86,0.955,0,0,0,0,83.6,0,0,0,0,0,0,428,436,0.902,0.942,0.909,0.807
Midwood High School,"2839 Bedford Avenue, Brooklyn NY 11210",40.632829,-73.952356,0.942,0.977,68.5,69.2,79.7,66.6,84,67.4,78.6,81.2,70,75.3,77,563,551,0.907,0.812,0.877,0.816
Millennium Art Academy,"1980 Lafayette Avenue, Bronx NY 10473",40.821218,-73.85593,0.847,0.83,57.6,51.5,0,66.8,70.2,52,67.5,0,70.4,0,68.4,405,421,0.811,0.686,0.43,0.688
Millennium Brooklyn HS,"237 7th Avenue, Brooklyn NY 11215",40.669255,-73.97858,1,0.994,76.5,77.6,75.8,80.2,90.6,79,85.3,89.9,77,83.9,84.6,618,624,0.915,0.994,0.884,0.835
Millennium High School,"75 Broad Street, Manhattan NY 10004",40.704697,-74.011202,0.971,1,79.9,83.8,77.2,0,87.7,73,89,87.6,82.6,0,78.5,617,576,0.96,0.993,0.911,0.886
Morris Academy for Collaborative Studies,"1110 Boston Road, Bronx NY 10456",40.827455,-73.90392,0.875,0.923,64.3,56.2,0,70.1,70.9,52.3,60.1,92,66.4,0,0,402,418,0.833,0.529,0.675,0.51
Mott Hall Bronx High School,"1595 Bathgate Avenue, Bronx NY 10457",40.839508,-73.901774,0.903,0.919,57.6,0,58.1,0,74.5,0,64.9,0,59.4,0,68.9,418,437,0.827,0.875,0.698,0.558
Mott Hall High School,"6 Edgecombe Avenue, Manhattan NY 10030",40.817228,-73.947151,0.891,0.844,52.9,0,0,46.2,74.1,45.4,63.5,0,0,0,59.4,396,397,0.736,0.25,0.37,0.388
Mott Hall V,"1551 East 172nd Street, Bronx NY 10472",40.832508,-73.878191,0.951,0.978,60.4,55.6,52.6,58.9,73.3,50,65,78.5,54.7,0,67.3,410,419,0.893,0.63,0.796,0.627
Mott Haven Village Preparatory High School,"701 St. Anns Avenue, Bronx NY 10455",40.818041,-73.911633,0.684,0.657,54.6,0,0,46,61.6,45.2,53.6,0,55.8,0,64.3,386,404,0.825,0.281,0.271,0.45
Multicultural High School,"999 Jamaica Avenue, Brooklyn NY 11208",40.693002,-73.869305,0.915,0.903,55,41.6,34.9,0,29.1,42.3,60.9,81,53.5,0,56.8,381,392,0.901,0.816,0.514,0.402
Murray Hill Academy,"111 East 33rd Street, Manhattan NY 10016",40.74651,-73.98107,0.83,0.893,64.8,0,0,74.2,79.4,54.9,73.1,0,69.7,0,69.3,439,448,0.797,0.277,0.64,0.556
Murry Bergtraum High School for Business Careers,"411 Pearl Street, Manhattan NY 10038",40.711441,-74.000851,0,0.81,52.4,42.3,48.5,51.9,73.2,46,57.4,0,0,0,60.9,0,0,0.801,0,0.571,0
N.Y.C. Lab School for Collaborative Studies,"333 West 17th Street, Manhattan NY 10011",40.742512,-74.002222,0.993,0.981,71.4,70.7,64.1,0,83.2,71.5,77.8,79.9,77.8,70.2,77.8,618,619,0.925,0.99,0.833,0.866
N.Y.C. Museum School,"333 West 17th Street, Manhattan NY 10011",40.742512,-74.002222,1,1,72.4,67.7,77.3,78.1,84.7,69.8,81.8,84.1,71.7,0,81.4,555,566,0.973,0.801,0.819,0.869
Nelson Mandela High School,"1700 Fulton Street, Brooklyn NY 11213",40.678478,-73.931604,0.8,0.889,54.7,0,0,0,60.5,0,60.1,0,49.5,0,0,374,402,0.793,0.514,0.467,0.375
New Design High School,"350 Grand Street, Manhattan NY 10002",40.717329,-73.989329,0.952,0.9,57.8,0,0,62.1,68.6,0,66.6,0,58,0,65.7,394,423,0.853,0.271,0.6,0.655
New Dorp High School,"465 New Dorp Lane, Staten Island NY 10306",40.570909,-74.105878,0.9,0.906,65.3,60.3,68.1,60.5,74.3,59.1,73.1,82,65.5,55.8,70.5,481,491,0.914,0.804,0.704,0.593
"New Explorations into Science, Technology and Math High School","111 Columbia Street, Manhattan NY 10002",40.719416,-73.979581,0.995,0.992,77.6,78.6,74.7,0,91.2,81.8,86.8,80.9,84.2,65.4,79,623,634,0.932,0.995,0.805,0.827
New Heights Academy Charter School,"1818 Amsterdam Ave. New York, NY 10031",40.828581,-73.945233,0.899,0.951,68.7,63.3,0,65.5,79.5,61.5,69.7,67.9,61.2,0,65.4,0,0,0.889,0.407,0.756,0.764
New Utrecht High School,"1601 80th Street, Brooklyn NY 11214",40.613041,-74.002308,0.757,0.837,66.8,63.8,65.6,62.5,70.8,63,70.9,83.5,67.1,66.7,70,494,470,0.862,0.578,0.663,0.657
New Visions Charter High School for Advanced Math and Science,"99 Terrace View Avenue, Bronx, NY 10463",40.876975,-73.912393,0.945,0.975,61.6,55.7,52.9,60.6,72,53.9,71.2,82.1,66.3,0,73.4,0,0,0.893,0.635,0.763,0.746
New Visions Charter High School for Advanced Math and Science II,"900 Tinton Avenue,Bronx, NY 10456",40.821935,-73.903512,0.986,0.984,65.1,57.6,58.2,65.6,67.8,62.1,71.2,70,65.1,0,72.8,0,0,0.903,0.504,0.776,0.759
New Visions Charter High School for Advanced Math and Science III,"3000 Avenue X, Brooklyn, NY 11235",40.594155,-73.937658,1,0.976,59.2,55.9,54.3,55.8,74,51.9,66.8,0,60.8,31.1,66,0,0,0.895,0.6,0.759,0.809
New Visions Charter High School for Advanced Math and Science IV,"156-10 Baisley Boulevard, South Jamaica, NY 11433",40.675078,-73.782472,0.98,0.967,59,44.7,44.7,52.1,71.5,50.2,65.5,60.7,62.9,35.9,62.5,0,0,0.896,0.673,0.659,0.646
New Visions Charter High School for the Humanities,"99 Terrace View Avenue, Bronx, NY 10463",40.876975,-73.912323,0.978,1,55.9,51.1,49.9,57.4,70.3,46.5,66.8,77.9,57.4,0,71.9,0,0,0.847,0.309,0.667,0.622
New Visions Charter High School for the Humanities II,"900 Tinton Avenue Bronx, NY 10456",40.821935,-73.903512,0.889,0.911,56.5,46.6,57.8,47.3,64.8,45.4,62.2,81.6,52.4,0,64.1,0,0,0.858,0.708,0.624,0.652
New Visions Charter High School for the Humanities IV,"100-00 Beach Channel Dr, Rockaway Park, NY 11694",40.585972,-73.823092,0.917,0.985,57.6,45.2,0,52.1,72.5,51.2,64.5,0,58.2,0,66.8,0,0,0.816,0.414,0.647,0.484
New World High School,"921 East 228th Street, Bronx NY 10466",40.888242,-73.852714,0.915,0.901,65.8,57.1,56.2,54.7,61.4,56.4,60.9,78.8,57,0,71.2,403,406,0.913,0.518,0.662,0.578
Newcomers High School,"28-01 41st Avenue, Long Island City NY 11101",40.751838,-73.936592,0.732,0.802,53.9,45.4,47.8,49.5,47.2,48.4,62.8,89.1,61.2,0,68.4,417,397,0.814,0.497,0.479,0.394
Newtown High School,"48-01 90th Street, Elmhurst NY 11373",40.740824,-73.874129,0.751,0.817,61.9,54.3,56.8,59.8,70,57.8,69.1,87.1,63.1,46.5,68.3,428,421,0.861,0.565,0.55,0.547
Northside Charter High School,"424 Leonard Street, Brooklyn, NY 11222",40.719471,-73.9486,0.841,0.976,50.2,50.7,0,58.2,63.9,52.3,59.6,84.2,57,0,0,0,0,0.817,0.375,0.646,0.598
Nuasin Next Generation Charter School,"180 West 165th Street, Bronx, NY 10452",40.834549,-73.93014,0.872,0.94,57.8,44.8,38.9,0,61.2,50.9,61.5,0,46.7,24.7,0,423,432,0.999,0.713,0.84,0.585
"NYC Charter High School for Architecture, Engineering and Construction Industries","838 Brook Avenue, Bronx, NY 10451",40.821923,-73.910961,0.963,0.981,71.9,63.1,55.5,0,70.1,58.6,68.6,0,62.4,0,65.2,436,431,0.866,0.509,0.755,0.712
NYC iSchool,"131 Avenue Of The Americas, Manhattan NY 10013",40.72463,-74.005058,0.973,1,74.8,0,0,0,85.7,69.9,73.7,0,75.6,0,72.5,567,576,0.916,0.709,0.914,0.85
Opportunity Charter School,"240 West 113 Street, Manhattan, NY 10026",40.801834,-73.955238,0.816,0.942,50.6,0,0,0,54.5,0,53.7,0,50.9,0,54.5,394,444,0.903,0.082,0.577,0.642
Orchard Collegiate Academy,"220 Henry Street, Manhattan NY 10002",40.713362,-73.986051,0.909,0.969,61,70.5,65.8,68.4,75.1,62.6,74,86,66.5,0,68.4,435,474,0.817,0.318,0.615,0.767
Origins High School,"3000 Avenue X, Brooklyn NY 11235",40.593157,-73.936635,0.891,0.94,62.7,0,0,47.8,68.2,0,64.9,0,59.7,0,58.2,423,433,0.813,0.561,0.675,0.683
Pace High School,"100 Hester Street, Manhattan NY 10002",40.716231,-73.993607,0.881,0.837,63.5,55.2,52.5,59.7,76.9,0,67.4,85.7,61,0,71.8,455,459,0.798,0.748,0.66,0.633
Pan American International High School,"45-10 94th Street, Elmhurst NY 11373",40.743228,-73.871505,0.984,0.95,60.3,0,0,0,50,0,0,0,0,0,0,402,400,0.951,0.74,0.436,0.417
Pan American International High School at Monroe,"1300 Boynton Avenue, Bronx NY 10472",40.832508,-73.878191,0.932,0.904,63,0,0,0,64.3,0,0,0,0,0,0,371,372,0.864,0.662,0.458,0.368
Park East High School,"230 East 105th Street, Manhattan NY 10029",40.790191,-73.944092,1,1,73.5,70,59.1,79.2,78.2,70.1,78.1,89,71.1,47.8,71.4,483,496,0.922,0.928,0.804,0.849
Park Slope Collegiate,"237 7th Avenue, Brooklyn NY 11215",40.669255,-73.97858,0.861,0.889,59.6,49.2,46.7,0,70.7,52.4,63.1,71.7,64.9,0,67.4,449,462,0.813,0.791,0.654,0.49
Pathways College Preparatory School: A College Board School,"109-89 204th Street, Saint Albans NY 11412",40.705989,-73.752885,0.988,0.959,68,58.4,61.7,65,74.1,57.6,77.9,81.9,70.2,0,66,396,415,0.946,0.963,0.712,0.741
Pathways in Technology Early College High School (P-Tech),"150 Albany Avenue, Brooklyn NY 11213",40.675905,-73.939282,0.824,0.877,65.6,0,0,0,63.3,0,65.5,0,60.9,0,61.5,425,433,0.845,0.576,0.66,0.733
Pelham Lab High School,"3000 East Tremont Avenue, Bronx NY 10461",40.839775,-73.839583,0.833,0.815,56.6,0,0,57.2,61.6,47.3,57.5,0,59.1,0,66.6,408,439,0.814,0.378,0.479,0.465
Pelham Preparatory Academy,"925 Astor Avenue, Bronx NY 10469",40.860443,-73.860729,0.936,0.919,58.1,49,0,58.5,75.7,46.7,67.2,79.5,63.1,0,67.6,418,414,0.902,0.638,0.726,0.721
Performing Arts and Technology High School,"400 Pennsylvania Avenue, Brooklyn NY 11207",40.666868,-73.895122,0.985,0.867,61.9,53.4,0,60.2,65.5,54.9,65.3,77.8,61.4,0,58.5,401,410,0.908,0.679,0.667,0.356
Pharos Academy Charter School,"1001 Intervale Avenue, Bronx, NY 10459",40.823323,-73.896881,0.683,0.843,67,0,69.7,0,72.9,71.1,79.1,0,66.6,44.9,75,465,471,0.898,0.581,0.627,0.542
Port Richmond High School,"85 St. Josephs Avenue, Staten Island NY 10302",40.635562,-74.141924,0.85,0.86,58,53,49.5,54,64.3,52,62.5,76.1,58.1,43,63.7,417,427,0.86,0.545,0.496,0.46
Preparatory Academy for Writers: A College Board School,"143-10 Springfield Boulevard, Springfield Gardens NY 11413",40.66903,-73.757744,0.937,0.903,65.4,52.8,60,0,79,57.8,74.4,0,65.3,0,71.7,450,455,0.888,0.595,0.677,0.494
Professional Performing Arts High School,"328 West 48th Street, Manhattan NY 10036",40.761327,-73.988665,1,1,70.8,74.7,67.8,73.8,80.4,64.9,75.6,0,79.6,0,73.2,486,531,0.891,1,0.781,0.711
PROGRESS High School for Professional Careers,"850 Grand Street, Brooklyn NY 11211",40.711134,-73.938921,0.785,0.76,55,41.3,41,50.1,56.7,44.1,61.9,84.1,50.6,0,58.7,387,405,0.855,0.718,0.395,0.422
Queens Collegiate: A College Board School,"167-01 Gothic Drive, Jamaica NY 11432",40.714551,-73.798658,0.907,0.929,64.2,53.6,63.9,0,71.9,56.7,68.4,65.8,63,41.5,64.6,443,447,0.908,0.814,0.759,0.621
Queens Gateway to Health Sciences Secondary School,"160-20 Goethals Avenue, Jamaica NY 11432",40.718027,-73.805923,0.968,0.978,68.8,64.9,70.3,0,80,68.9,80.2,82.1,71,0,79.7,568,563,0.91,0.953,0.902,0.848
"Queens High School for Information, Research, and Technology","8-21 Bay 25th Street, Far Rockaway NY 11691",40.601537,-73.763995,0.925,0.909,61.4,47.5,49.6,54.6,67.7,45.8,70,83.2,55.6,0,62.8,416,421,0.846,0.647,0.762,0.817
Queens High School for Language Studies,"35-01 Union Street, Flushing NY 11354",40.764892,-73.826811,0.951,0.952,71.4,61.4,67.8,75.9,67.7,41.3,76.9,65.5,73.8,36.7,74.7,523,479,0.908,0.985,0.829,0.814
Queens High School for the Sciences at York College,"94-50 159th Street, Jamaica NY 11433",40.700884,-73.798364,1,1,87.6,86.1,88.9,0,95.6,87.5,91.5,89.5,92.9,83.5,0,728,693,0.969,1,0.953,0.903
"Queens High School of Teaching, Liberal Arts and the Sciences","74-20 Commonwealth Blvd, Queens NY 11426",40.744197,-73.728834,0.957,0.962,63.8,50.5,46.3,60.5,71,55.1,69.1,75.1,65.2,47.9,67.4,435,451,0.86,0.372,0.796,0.788
Queens Metropolitan High School,"91-30 Metropolitan Avenue, Forest Hills NY 11375",40.708431,-73.855543,0.915,0.88,69.3,63.2,59,72.3,82.5,64.3,77.5,76.8,74.1,84.9,74.8,469,473,0.9,0.834,0.756,0.683
Queens Preparatory Academy,"143-10 Springfield Boulevard, Springfield Gardens NY 11413",40.66903,-73.757744,0.841,0.892,67.9,57.5,0,51.6,63.9,45.7,62.2,0,55.7,0,61.9,401,426,0.813,0.696,0.653,0.351
"Queens School of Inquiry, The","158-40 76th Road, Fresh Meadows NY 11366",40.724195,-73.80938,0.988,0.963,62.7,0,62.2,0,63.9,61.9,69.6,0,64.9,0,64.3,541,545,0.916,0.894,0.866,0.925
Queens Technical High School,"37-02 47th Avenue, Long Island City NY 11101",40.741658,-73.927995,0.855,0.914,65.4,59.4,55.3,67.9,79.2,57.6,72.9,0,62,65.4,71.3,461,453,0.904,0.766,0.62,0.585
Quest to Learn,"351 West 18th Street, Manhattan NY 10011",40.743407,-74.00254,0.847,0.866,56.4,47.6,0,61.2,68.7,51.2,69.2,66.1,58.3,0,65.9,459,478,0.82,0.494,0.646,0.614
Rachel Carson High School for Coastal Studies,"521 West Avenue, Brooklyn NY 11224",40.582518,-73.972009,0.95,0.914,60.7,50.6,43.4,62.6,63.1,55.8,68.3,77.4,64.7,41.3,68.3,457,466,0.863,0.962,0.583,0.692
Ralph R. McKee Career and Technical Education High School,"290 St. Marks Place, Staten Island NY 10301",40.64282,-74.079263,0.843,0.864,62.1,58.1,61.2,58.5,77,54,63.1,0,62.7,44.8,69.7,441,451,0.831,0.773,0.437,0.402
Renaissance Charter School,"35-59 81St St, Jackson Heights, NY 11372",40.750038,-73.8853,0.945,0.962,64.9,0,61.7,0,78.1,55.5,69.1,88.7,70.2,0,68.3,471,495,0.918,0.855,0.774,0.789
Renaissance High School for Musical Theater and the Arts,"3000 East Tremont Avenue, Bronx NY 10461",40.839775,-73.839583,0.897,0.867,53.6,51.2,0,53,73.6,50.9,70.1,72.7,64.3,42.2,69,420,438,0.819,0.689,0.602,0.543
Repertory Company High School for Theatre Arts,"123 West 43rd Street, Manhattan NY 10036",40.756089,-73.984381,1,0.965,61.4,51.3,56.3,67,72.2,0,68.4,0,65.9,0,73.8,470,512,0.873,0.941,0.702,0.831
Richard R. Green High School of Teaching,"7 Beaver Street, Manhattan NY 10004",40.705688,-74.013303,0.875,0.908,58.9,60.3,63.5,78.1,76.4,66.1,69.8,86.8,72,0,69.2,442,446,0.866,0.384,0.733,0.698
Richmond Hill High School,"89-30 114th Street, Richmond Hill NY 11418",40.695171,-73.833815,0.843,0.751,62.3,53.7,65.3,60,67.4,50.6,64,88.5,61.7,0,65.2,407,426,0.898,0.595,0.511,0.473
Riverdale / Kingsbridge Academy (Middle School / High School 141),"660 West 237th Street, Bronx NY 10463",40.887407,-73.914141,0.93,0.931,61.7,63.8,56.3,61.2,79.5,58.8,72.1,80.5,58.9,60.1,76.6,506,507,0.919,0.703,0.814,0.69
Robert F. Kennedy Community High School,"75-40 Parsons Boulevard, Fresh Meadows NY 11366",40.72528,-73.811408,0.918,0.911,62,51.9,61.8,63.9,81.3,57.7,71.8,82.2,67,67.9,70.5,467,455,0.888,0.699,0.722,0.762
"Robert F. Wagner, Jr. Secondary School for Arts and Technology","47-07 30th Place, Long Island City NY 11101",40.742217,-73.936442,0.956,0.991,63.9,55.6,57,54.5,80.3,56.6,72.3,87.3,66.4,0,75.9,474,487,0.858,0.768,0.835,0.79
Robert H. Goddard High School of Communication Arts and Technology,"138-30 Lafayette Street, Ozone Park NY 11417",40.670905,-73.845992,0.947,0.987,68.2,58.6,53.2,62.9,82.6,60.5,73.7,76.8,68.5,56.6,74.5,435,454,0.903,0.887,0.78,0.738
Rockaway Collegiate High School,"100-00 Beach Channel Drive, Rockaway Park NY 11694",40.586012,-73.825317,0.818,0.793,58.7,48.4,0,48.1,59.8,47.3,60.1,0,51.5,0,58.5,381,402,0.785,0.511,0.341,0.292
Rockaway Park High School for Environmental Sustainability,"100-00 Beach Channel Drive, Rockaway Park NY 11694",40.586012,-73.825317,0.794,0.846,49.5,37.9,0,48.9,58,43.8,56.3,0,56.3,0,0,376,404,0.818,0.471,0.631,0.256
Scholars' Academy,"320 Beach 104th Street, Rockaway Park NY 11694",40.584543,-73.825162,0.987,1,70,77.3,80.2,67.2,90.4,74.7,82.8,81.3,0,72,79.2,591,590,0.927,1,0.844,0.94
School for Classics High School,"370 Fountain Avenue, Brooklyn NY 11208",40.67002,-73.874537,0.824,0.82,48.2,42.1,39.6,48.5,51.7,45.9,58.3,0,48,0,56.2,382,394,0.842,0.373,0.38,0.328
School for Excellence,"1110 Boston Road, Bronx NY 10456",40.827455,-73.90392,0.5,0.659,54.9,0,0,54.5,61.7,0,64,0,59.9,0,61.9,377,418,0.814,0.026,0.424,0.373
"School for Human Rights, The","600 Kingston Avenue, Brooklyn NY 11203",40.658671,-73.943839,0.872,0.936,57.9,0,0,48.3,63.5,47.2,60.3,0,58.1,0,71.1,407,434,0.834,0.603,0.564,0.402
School of the Future High School,"127 East 22nd Street, Manhattan NY 10010",40.739121,-73.985323,0.98,1,0,0,0,0,75.5,0,0,0,0,0,0,539,565,0.927,0.99,0.871,0.816
Schuylerville Preparatory High School,"3000 East Tremont Avenue, Bronx NY 10461",40.839775,-73.839583,0.8,0.901,54.4,50.1,57.2,51.7,57.3,42.6,61,0,58,0,68.8,401,419,0.788,0.265,0.505,0.337
"Science Skills Center High School for Science, Technology and the Creative Arts","49 Flatbush Avenue Extension, Brooklyn NY 11201",40.69733,-73.984528,0.962,0.994,71.9,67.9,59.8,67.2,71.7,70.7,72.5,83.3,72.5,0,73.2,436,444,0.935,0.913,0.805,0.747
"Science, Technology and Research Early College High School at Erasmus","911 Flatbush Avenue, Brooklyn NY 11226",40.649602,-73.957173,1,1,67.7,73.2,62.5,67.3,76.1,60.3,73.6,0,66.7,0,0,477,478,0.959,0.888,0.847,0.747
South Bronx Community Charter High School,"1110 Washington Avenue, Bronx, NY 10456",40.828815,-73.908302,0.815,0.894,54,0,0,0,65.8,0,0,0,57.9,0,56.2,0,0,0.793,0.692,0.482,0.455
South Bronx Preparatory: A College Board School,"360 East 145th Street, Bronx NY 10454",40.813612,-73.920851,0.966,1,66.7,59.9,0,68.1,75.5,68.4,73.1,89.2,69.7,0,74.9,408,424,0.91,0.612,0.605,0.717
Special Music School,"122 Amsterdam Avenue, Manhattan NY 10023",40.775256,-73.982976,1,1,80.1,76.5,74.3,0,85.8,76.8,87.8,0,84.9,66.8,79.1,580,592,0.928,1,1,0.81
Spring Creek Community School,"1065 Elton Street, Brooklyn NY 11208",40.657266,-73.874064,0.841,0.887,52.8,40.3,48.7,0,66.1,42.9,63.8,0,55.9,0,53.3,412,410,0.841,0.428,0.484,0.508
Staten Island Technical High School,"485 Clawson Street, Staten Island NY 10306",40.568299,-74.117086,0.997,0.997,88.1,85,84.4,0,92.9,87.6,88.9,86.5,89.1,84.8,90.2,733,700,0.965,1,0.913,0.879
Stephen T. Mather Building Arts & Craftsmanship High School,"439 West 49th Street, Manhattan NY 10019",40.763655,-73.990318,0.844,0.876,55.9,47.7,0,58.2,62.3,51.7,63.2,0,58.8,0,66.9,397,427,0.808,0.883,0.486,0.381
Stuyvesant High School,"345 Chambers Street, Manhattan NY 10282",40.718025,-74.013921,0.992,0.998,88.1,91.3,87.3,0,94.3,92.3,90.8,91.8,92.1,87.7,87.9,763,728,0.965,0.993,0.994,0.977
Summit Academy Charter School,"27 Huntington Street, Brooklyn, New York 11231",40.67761,-74.005347,0.854,0.895,46.3,43.4,51,62.4,71.8,48.6,67.2,0,57.9,0,0,433,432,0.841,0.488,0.553,0.606
Sunset Park High School,"153 35th Street, Brooklyn NY 11232",40.655583,-74.004342,0.893,0.893,59.5,55.1,47.3,62.1,68.9,0,67.8,80.9,57,0,67.5,432,434,0.82,0.737,0.585,0.561
Susan E. Wagner High School,"1200 Manor Road, Staten Island NY 10314",40.588985,-74.130819,0.908,0.93,60.4,66.5,65.6,53.6,82.6,62.3,74.5,88,69,67.7,73.5,484,497,0.93,0.711,0.714,0.705
Talent Unlimited High School,"317 East 67th Street, Manhattan NY 10065",40.765638,-73.959777,0.954,1,69.6,50,57,65.4,76.1,59.3,76.5,0,71.2,42.2,0,479,506,0.867,0.907,0.845,0.815
Teachers Preparatory High School,"226 Bristol Street, Brooklyn NY 11212",40.665568,-73.912102,0.706,0.756,55.8,0,0,60.1,54,47.9,56.5,0,57.5,0,52.7,382,403,0.805,0.338,0.195,0.333
The Academy of Urban Planning and Engineering,"400 Irving Avenue, Brooklyn, NY 11237",40.697326,-73.91143,0.947,0.982,59.5,58.4,0,61.4,63.1,55,62.4,0,62,50.1,69.4,414,411,0.9,0.671,0.429,0.573
The Boerum Hill School for International Studies,"284 Baltic Street, Brooklyn, NY 11201",40.685483,-73.993506,0.867,0.942,58.2,60.3,54,61.7,70.4,60.6,68.6,68.9,61.5,0,67.6,472,497,0.851,0.681,0.692,0.678
The Bronx High School of Science,"75 West 205 Street Bronx, NY 10468",40.877644,-73.891221,0.992,1,87.9,88.3,87.1,0,94.1,87.8,90.6,90.5,90.9,86.8,89.9,742,709,0.957,0.997,0.991,0.907
The Bronxwood Preparatory Academy,"921 East 228th Street, Bronx, NY 10466",40.8879,-73.852904,0.899,0.907,59.2,40.4,0,47.4,62.2,57.5,59.9,71.3,56,0,55.8,384,420,0.904,0.81,0.605,0.514
The Brooklyn Academy of Global Finance,"125 Stuyvesant Avenue, Brooklyn, NY 11221",40.691587,-73.933803,0.892,0.833,51.7,35.9,0,0,58,47.4,61.4,82.2,54,0,57.8,374,380,0.839,0.216,0.292,0.378
The Brooklyn School for Math and Research,"400 Irving Avenue, Brooklyn, NY 11237",40.697408,-73.911554,0.941,0.933,71.8,75.5,67.5,0,69.4,66.9,73.7,0,78.4,64.8,73.5,472,450,0.887,1,0.717,0.738
The Brooklyn School for Social Justice,"400 Irving Avenue, Brooklyn, NY 11237",40.697408,-73.911554,0.892,0.87,56.8,44.6,38.1,52.4,63.8,43.1,61.6,85.9,53.8,0,0,391,407,0.79,0.5,0.26,0.352
The Cinema School,"1551 E 172nd St Bronx, New York, 10472",40.831496,-73.877207,0.876,0.987,58.5,39.3,37.6,62.2,67.1,44.5,63.3,0,58.7,0,64.1,422,438,0.89,0.485,0.756,0.76
The Clinton School,"10 E 15th Street. Manhattan, NY 10003",40.736308,-73.99224,0.992,1,0,0,0,75.7,87.1,77.8,81.5,0,87.5,0,0,589,633,0.912,0.908,0.871,0.838
The College Academy,"549 Audubon Avenue, Manhattan, NY 10040",40.855978,-73.927035,0.914,0.92,68.9,62,0,60.3,58.2,0,64,74.9,60.8,0,0,398,391,0.829,0.679,0.598,0.721
The Eagle Academy for Young Men of Staten Island,"101 Warren Street, Staten Island, NY 10304",40.620348,-74.081643,0.75,0.857,55.9,0,44,50.2,66.2,40.7,58.4,0,51.1,0,65.8,408,410,0.798,0.125,0.619,0.458
The East New York Arts and Civics High School,"800 Van Siclen Avenue Brooklyn, NY 11207",40.660355,-73.885507,0.861,0.935,46.1,0,0,0,62.2,0,53.6,0,43.6,0,0,421,423,0.853,0.278,0.565,0.379
The Equality Charter School,"3901 White Plains Road, Bronx, NY 10466",40.885853,-73.861559,0.882,0.874,64.1,59.1,54.5,59.6,67.7,53.8,69.4,0,59.5,0,67,432,454,0.886,0.375,0.66,0.7
The Global Learning Collaborative,"145 West 84 Street, Manhattan, NY 10024",40.785597,-73.974143,0.853,0.929,61.7,57.3,56.9,63,64.3,0,60.8,74.4,59.3,0,59.7,427,451,0.792,0.404,0.602,0.649
The High School for Climate Justice,"320 East 96 Street, Manhattan, NY 10128",40.783513,-73.945428,0.896,0.86,57.8,0,0,50,70.6,57.3,62.8,81.6,62.5,0,65.6,389,411,0.776,0.701,0.618,0.409
"The High School for Enterprise, Business and Technology","850 Grand Street, Brooklyn, NY 11211",40.712053,-73.940264,0.839,0.866,59.3,45.8,43.3,48.8,65.2,45.6,60.5,87,58,57.5,64.5,435,429,0.83,0.619,0.495,0.527
The High School for Global Citizenship,"883 Classon Avenue, Brooklyn, NY 11225",40.670029,-73.961813,0.951,0.87,74.2,0,0,56.5,66.9,54.7,63.3,0,67.3,0,65.5,392,410,0.91,0.549,0.674,0.64
The High School For Language And Diplomacy,"40 Irving Pl, New York, NY 10003",40.735459,-73.987721,0.846,0.818,65.7,49.9,47.9,0,73,54.7,61.5,0,0,0,64.5,443,449,0.752,0.323,0.545,0.493
The High School of Fashion Industries,"225 W 24th St New York, NY 10011",40.745457,-73.996834,0.895,0.958,67.7,52.5,50.3,63.7,77.8,53.8,68.1,0,67.7,37.3,69.8,428,448,0.891,0.876,0.763,0.65
The Laboratory School of Finance and Technology: X223,"360 East 145 Street, Bronx, NY 10454",40.813931,-73.920618,0.909,0.977,0,0,0,0,74.2,0,0,0,0,0,0,454,455,0.894,0.803,0.705,0.764
"The Marie Curie School for Medicine, Nursing, and Health Professions","120 West 231 Street, Bronx, NY 10463",40.875852,-73.900972,0.818,0.882,53.8,0,0,70.7,58.1,0,58.7,0,60.8,0,58.4,403,410,0.794,0.273,0.72,0.465
The Maxine Greene HS for Imaginative Inquiry,"122 Amsterdam Avenue, Manhattan, NY 10023",40.774293,-73.984861,0.85,0.804,59.5,0,0,0,68.2,0,69.9,0,64.5,0,71.4,398,431,0.736,0.725,0.489,0.292
The Metropolitan Soundview High School,"1300 Boynton Ave, Bronx, NY 10472",40.831415,-73.878881,0.777,0.83,54.2,44.3,0,67.9,63.9,45.8,59.8,0,51.7,0,65.5,415,425,0.896,0.339,0.49,0.512
The Michael J. Petrides School,"715 Ocean Ter Ste B, Staten Island, NY 10301",40.620793,-74.077504,0.976,0.964,53.1,61.2,60.9,53.2,74.8,56.5,74.2,69.6,65.4,63.2,68.7,465,468,0.846,0.65,0.901,0.701
The Urban Assembly Bronx Academy of Letters,"339 Morris Avenue, Bronx, NY 10451",40.813589,-73.925358,0.734,0.873,47.6,39.7,48.5,55.5,57.6,45.3,61.8,0,53.1,0,61.6,371,397,0.752,0.285,0.608,0.511
The Urban Assembly School for Collaborative Healthcare,"999 Jamaica Avenue, Brooklyn, NY 11208",40.691037,-73.868831,0.923,0.899,62.8,48.6,52.8,0,63.8,0,67.7,0,62.8,32.2,61.6,436,461,0.86,0.815,0.798,0.651
The Urban Assembly School for Emergency Management,"411 Pearl Street, Manhattan, NY 10038",40.710945,-74.000625,0.96,0.927,61.9,55.7,0,62.1,70.6,45,60.9,0,60.1,0,62.1,405,435,0.836,0.46,0.691,0.597
The Urban Assembly School for Global Commerce,"2005 Madison Avenue, Manhattan, NY 10035",40.807355,-73.93948,0.698,0.797,59.6,0,0,0,73.5,51.8,62.9,0,61,0,64,397,398,0.747,0.07,0.424,0.31
The Urban Assembly School for Green Careers,"145 W 84th Street New York, NY 10024",40.785652,-73.974256,0.914,0.947,58.1,0,0,0,67.9,0,59.3,0,55.8,0,0,409,426,0.79,0.488,0.64,0.561
The Urban Assembly School for Law and Justice,"283 Adams Street, Brooklyn, NY 11201",40.694846,-73.988673,0.929,0.954,63.2,0,0,0,74.5,62.9,73,0,64.3,0,70.2,453,471,0.824,0.42,0.75,0.697
The Williamsburg High School of Art and Technology,"223 Graham Avenue, Brooklyn, NY 11206",40.709873,-73.943627,0.891,0.947,64.6,0,0,62.9,62.2,53.4,67,0,64.7,0,65.5,423,433,0.833,0.61,0.566,0.567
Theatre Arts Production Company School,"2225 Webster Avenue, Bronx NY 10457",40.854257,-73.897404,0.788,0.873,52.2,38.5,0,52.2,63.8,47,63.5,0,59.1,0,62.9,416,420,0.787,0.363,0.648,0.567
Thomas A. Edison Career and Technical Education High School,"165-65 84th Avenue, Jamaica NY 11432",40.716071,-73.799692,0.948,0.957,67.6,71.2,70.8,72.4,78.4,64.4,75.1,0,69.9,59.7,76.1,525,510,0.938,0.892,0.805,0.782
Thurgood Marshall Academy for Learning and Social Change,"200-214 West 135th Street, Manhattan NY 10030",40.815237,-73.944299,0.867,0.922,58.5,0,54.3,0,67.8,57.7,63.5,0,62.6,0,62.9,407,413,0.881,0.867,0.649,0.266
Tottenville High School,"100 Luten Avenue, Staten Island NY 10312",40.528152,-74.193431,0.958,0.963,66.4,64.7,59.1,0,81.9,59.7,72.2,77.5,65.8,67.9,70.7,508,512,0.911,0.794,0.76,0.689
Townsend Harris High School,"149-11 Melbourne Avenue, Flushing NY 11367",40.737038,-73.821532,0.994,1,78.2,81.1,74.6,66,93.8,75.6,84,85.8,78.1,81.1,85.8,676,665,0.955,0.986,0.99,0.906
Transit Tech Career and Technical Education High School,"1 Wells Street, Brooklyn NY 11208",40.67878,-73.875328,0.862,0.886,56.6,42.3,40.7,45.6,72,44.8,65.7,0,53.4,0,61.1,384,407,0.867,0.899,0.371,0.54
Union Square Academy for Health Sciences,"40 Irving Place, Manhattan NY 10003",40.735361,-73.987064,0.946,0.932,62.1,46.5,52.9,63.6,76.2,52.6,65.2,91.8,63.2,0,65.3,426,455,0.93,0.94,0.798,0.705
Unity Center for Urban Technologies,"111 East 33rd Street, Manhattan NY 10016",40.74651,-73.98107,0.953,0.949,71.7,63.5,54.7,0,75.8,0,74,0,73.5,0,69.5,439,454,0.837,0.921,0.763,0.667
Unity Preparatory Charter School of Brooklyn,"432 Monroe Street, Brooklyn, NY 11221",40.686581,-73.940933,0.868,0.919,61.9,48.5,45.5,52.8,60,50.7,66.1,79.8,57.3,0,68.7,0,0,0.848,0.375,0.676,0.554
University Heights Secondary School,"701 St. Anns Avenue, Bronx NY 10455",40.818041,-73.911633,1,0.993,0,0,0,0,83.2,0,0,0,0,0,0,483,500,0.932,0.993,0.889,0.88
University Neighborhood High School,"200 Monroe Street, Manhattan NY 10002",40.712269,-73.984128,0.983,0.985,71.4,61.6,58.2,74.6,73.3,69.6,72.9,76.9,71.6,0,66.6,462,447,0.878,0.883,0.813,0.8
University Prep Charter High School,"600 Saint Ann's Avenue, Bronx, NY 10455",40.815031,-73.912541,0.981,0.991,68.9,51,47.4,0,77.6,50.3,74.9,80.4,70.9,0,77,0,0,0.918,0.321,0.868,0.895
Urban Action Academy,"1600 Rockaway Parkway, Brooklyn NY 11236",40.640543,-73.898601,0.717,0.792,58.3,0,0,0,68.6,40.8,60.5,0,48.7,0,68.2,381,415,0.858,0.337,0.333,0.471
"Urban Assembly Academy of Government and Law, The","350 Grand Street, Manhattan NY 10002",40.717329,-73.989329,0.901,0.883,60.7,53.4,0,72.9,72.3,53.6,67.8,81.6,65.8,0,66.4,426,428,0.801,0.401,0.7,0.703
Urban Assembly Charter School for Computer Science,"447 Wales Avenue, Bronx, NY 10455",40.83274,-73.887818,0,0,64.8,66.3,67.8,0,73.2,0,73.4,0,68.8,70.6,64.3,0,0,0.913,0.889,0,0.626
Urban Assembly Gateway School for Technology,"439 West 49th Street, Manhattan NY 10019",40.763655,-73.990318,0.918,0.99,64,56.2,57.3,77.9,71.6,56.4,75.8,0,70.7,40.8,72.7,469,481,0.87,0.883,0.886,0.721
Urban Assembly Institute of Math and Science for Young Women,"283 Adams Street, Brooklyn NY 11201",40.694629,-73.988323,0.944,0.984,57.4,40.7,0,47.1,50.6,50,57.8,0,54.3,0,0,423,435,0.818,0.986,0.77,0.71
Urban Assembly Maker Academy,"411 Pearl Street, Manhattan NY 10038",40.711441,-74.000851,0.951,0.943,64.8,52.8,0,54.3,73.2,48.3,63.9,0,67.9,0,56,462,480,0.865,0.951,0.733,0.618
Urban Assembly New York Harbor School,"10 South Street, Slip 7, Manhattan NY 10004",40.689493,-74.018941,0.944,0.929,60,56,69.3,75.5,79.2,59.9,73.8,0,68.2,0,72.4,479,499,0.89,0.657,0.659,0.616
"Urban Assembly School for Applied Math and Science, The","1595 Bathgate Avenue, Bronx NY 10457",40.839508,-73.901774,0.854,0.953,53.7,48.4,0,0,59.2,0,60.4,89.6,63.8,0,67.1,425,428,0.784,0.604,0.628,0.684
Urban Assembly School for Leadership and Empowerment,"4200 16th Avenue, Brooklyn NY 11204",40.6351,-73.982424,0.938,0.943,67.6,61.5,62.8,70.1,71.9,60.4,72.5,70.7,73.3,0,78.7,451,470,0.879,0.938,0.828,0.835
"Urban Assembly School for Media Studies, The","122 Amsterdam Avenue, Manhattan NY 10023",40.774891,-73.985608,0.907,0.949,56,51,0,0,58.5,0,63.3,0,56.1,0,57.3,418,437,0.78,0.902,0.639,0.614
Urban Assembly School for the Performing Arts,"509 West 129th Street, Manhattan NY 10027",40.815747,-73.95552,0.829,0.814,56.9,53.3,0,60.8,64.8,0,58.5,0,56,0,53.2,397,418,0.761,0.771,0.515,0.563
"Urban Assembly School of Business for Young Women, the","26 Broadway, Manhattan NY 10004",40.705688,-74.013303,0.963,0.771,65,0,0,51.8,73.4,47.9,56.8,0,55.2,0,0,403,412,0.808,0.241,0.686,0.618
"Urban Assembly School of Design and Construction, The","525 West 50th Street, Manhattan NY 10019",40.765474,-73.9927,0.754,0.86,52.3,44.6,38.5,62.9,77,47.1,68.8,92.5,57.8,0,62.3,427,440,0.823,0.525,0.491,0.484
Urban Assembly School of Music and Art,"49 Flatbush Avenue Extension, Brooklyn, NY 11201",40.6973,-73.984998,0.917,0.792,61,0,0,0,65.9,0,65.9,0,55.6,0,72,408,416,0.794,0.472,0.417,0.491
Validus Preparatory Academy,"1595 Bathgate Avenue, Bronx NY 10457",40.839508,-73.901774,0.743,0.778,56,42.2,0,0,67.6,0,56,0,58.3,0,65.7,405,418,0.828,0.214,0.444,0.511
Vanguard High School,"317 East 67th Street, Manhattan NY 10065",40.765638,-73.959777,0.829,0.825,0,0,0,0,71,0,0,0,0,0,0,437,455,0.781,0.488,0.534,0.538
Veritas Academy,"35-01 Union Street, Flushing NY 11354",40.764892,-73.826811,0.871,0.867,64.7,56.9,61,64.5,73.8,56.7,70.6,82.8,69.2,0,71.6,437,438,0.858,0.562,0.658,0.624
Victory Collegiate High School,"6565 Flatlands Avenue, Brooklyn NY 11236",40.634451,-73.916927,0.906,0.899,60.5,0,0,56,64.6,52.5,62.6,0,0,0,0,408,410,0.834,0.283,0.71,0.42
W. H. Maxwell Career and Technical Education High School,"145 Pennsylvania Avenue, Brooklyn NY 11207",40.673766,-73.895976,0.764,0.848,59.3,49.6,0,53,61.5,51.8,57,0,51.2,0,59.6,367,389,0.791,0.547,0.467,0.315
Wadleigh Secondary School for the Performing & Visual Arts,"215 West 114th Street, Manhattan NY 10026",40.80261,-73.954152,1,1,59.5,47.4,0,52.9,68.5,48.8,68.3,0,62.8,0,64.6,417,423,0.861,0.937,0.63,0.467
Washington Heights Expeditionary Learning School,"511 West 182nd Street, Manhattan NY 10033",40.849311,-73.930991,0.918,0.96,60.5,49.4,0,57,63.9,52.1,64.9,0,61.6,0,58.3,445,452,0.815,0.582,0.733,0.728
West Bronx Academy for the Future,"500 East Fordham Road, Bronx NY 10458",40.859466,-73.888625,0.985,1,59.6,41.5,47.1,48.2,69.5,43.5,62.9,82.2,54,0,61.8,450,464,0.904,0.846,0.721,0.634
West End Secondary School,"227-243 West 61st Street, Manhattan NY 10023",40.772608,-73.988338,1,,65.1,47.1,0,71.7,84.4,65.1,79.7,73.8,76.8,0,76.7,547,588,0.912,0.978,0,0.732
Westchester Square Academy,"3000 East Tremont Avenue, Bronx NY 10461",40.839775,-73.839583,0.912,0.875,58.1,58.5,0,0,62,0,60.2,0,55.7,0,0,411,415,0.813,0.549,0.643,0.593
William Cullen Bryant High School,"48-10 31st Avenue, Astoria NY 11103",40.757072,-73.911165,0.89,0.88,62.4,50.5,57.4,61.4,69,53.3,68.7,83.5,61.6,41.7,68.6,436,441,0.835,0.643,0.606,0.55
William E. Grady Career and Technical Education High School,"25 Brighton 4th Road, Brooklyn NY 11235",40.583263,-73.963764,0.845,0.826,57.1,44.6,43.2,69.7,69.7,50.8,64.7,0,61,0,60.4,400,417,0.82,0.445,0.402,0.327
Williamsburg Charter High School,"198 Varet St, Brooklyn, NY 11206",40.703662,-73.93623,0.847,0.908,55,47.6,40.2,56.6,58.5,47.1,62.7,80.7,56.2,0,62.5,0,0,0.769,0.299,0.588,0.573
Williamsburg High School for Architecture and Design,"257 North 6th Street, Brooklyn NY 11211",40.715561,-73.954815,0.961,0.98,66.4,60,63.6,71.5,77.8,59.3,72.3,83,63.7,0,69.9,444,456,0.905,0.903,0.707,0.651
Williamsburg Preparatory School,"257 North 6th Street, Brooklyn NY 11211",40.715561,-73.954815,0.952,0.988,64,69.2,69.1,67,78,64.1,70,90.2,64.4,0,71.8,438,442,0.863,0.617,0.721,0.737
Wings Academy,"1122 East 180th Street, Bronx NY 10460",40.841376,-73.875262,0.848,0.759,60.9,0,0,54.3,57.4,46.6,62.3,0,54.7,0,61,401,416,0.815,0.158,0.402,0.316
Women's Academy of Excellence,"456 White Plains Road, Bronx NY 10473",40.815043,-73.85607,0.842,0.741,59.9,0,46.5,0,60.7,50.1,61.5,74.9,53.4,0,57.8,420,420,0.841,0.789,0.534,0.529
World Academy for Total Community Health High School,"400 Pennsylvania Avenue, Brooklyn NY 11207",40.666868,-73.895122,0.78,0.732,54.4,0,0,0,62.8,0,60.5,0,56.1,0,59.3,379,372,0.799,0.34,0.357,0.528
World Journalism Preparatory: A College Board School,"34-65 192nd Street, Flushing NY 11358",40.764884,-73.789365,0.989,1,61.9,48.7,60,68.1,69.4,59.1,73.3,82.6,69.5,48.7,78.4,472,501,0.893,0.989,0.976,0.711
World View High School,"100 West Mosholu Parkway South, Bronx NY 10468",40.879958,-73.889011,0.955,1,63.3,48.2,60.4,0,67.7,48.5,66.4,0,66.9,43.1,70.7,431,428,0.881,0.97,0.682,0.761
York Early College Academy,"108-35 167th Street, Jamaica NY 11433",40.69691,-73.786403,1,0.989,0,59.4,68.9,72.9,88.6,0,75.9,0,0,0,70.7,464,473,0.896,1,0.967,0.885
Young Women's Leadership School,"105 East 106th Street, New York NY 10029",40.792932,-73.947171,0.975,1,62.3,55,57.7,61.6,81,68.6,73.2,85.7,74.6,0,71.6,459,472,0.883,0.614,0.949,0.92
Young Women's Leadership School of Brooklyn,"325 Bushwick Avenue, Brooklyn NY 11206",40.705005,-73.93879,0.934,0.982,58.6,48.3,48.4,63.3,68.2,54.6,68.8,64.9,68.2,0,66.1,419,433,0.826,0.525,0.842,0.783
Young Women's Leadership School of the Bronx,"1865 Morris Avenue, Bronx NY 10453",40.848552,-73.909022,0.96,0.935,70.6,53.7,51.9,56.5,73,51.3,76.6,84.3,67.8,0,75.9,431,442,0.883,0.473,0.839,0.852
"Young Women's Leadership School, Astoria","23-15 Newtown Avenue, Astoria NY 11102",40.770769,-73.92383,1,1,56.7,63.9,59.6,0,80.9,65.9,76.3,84.5,67.3,50.4,79.1,509,533,0.904,0.959,0.922,0.907
"Young Women's Leadership School, Queens","150-91 87th Road, Jamaica NY 11432",40.708409,-73.804166,0.986,0.969,69.8,69.6,60.2,77,80.3,64.9,75.4,85,63.4,0,82.5,511,521,0.918,0.912,0.906,0.753
